Timestamp,Frame_Index,Latency_ms,Lane1_Density,Lane2_Density,Lane3_Density,Lane4_Density,Active_Green_Lane,Emergency_Active
2026-08-23 17:50:56,1,1292.84,230400,230400,230400,230400,1,0
2026-08-23 17:50:56,2,128.34,1183,1078,1060,879,1,0
2026-08-23 17:50:56,3,127.56,2372,2015,1422,1694,1,0
2026-08-23 17:50:56,4,126.99,1135,995,929,716,1,0
2026-08-23 17:50:56,5,126.44,999,1057,780,834,2,0
2026-08-23 17:50:57,6,129.58,1230,1244,999,1084,2,0
2026-08-23 17:50:57,7,119.57,1024,1397,1034,1065,2,0
2026-08-23 17:50:57,8,120.23,1070,1110,961,1092,2,0
2026-08-23 17:50:57,9,130.88,1005,1067,1006,814,2,0
2026-08-23 17:50:57,10,116.14,800,1249,797,927,2,0
2026-08-23 17:50:57,11,128.06,1835,1990,1538,1208,2,0
2026-08-23 17:50:57,12,118.0,2241,2239,1982,1497,1,0
2026-08-23 17:50:58,13,128.26,1833,2189,1668,1345,2,0
2026-08-23 17:50:58,14,124.18,1343,1984,1558,1119,2,0
2026-08-23 17:50:58,15,126.23,1811,1877,2138,1524,3,0
2026-08-23 17:50:58,16,127.69,2275,2556,2498,1890,2,0
2026-08-23 17:50:58,17,132.22,2656,2679,2846,1917,3,0
2026-08-23 17:50:58,18,120.23,2396,3173,2834,2066,2,0
2026-08-23 17:50:58,19,127.48,2493,3079,2439,2023,2,0
2026-08-23 17:50:59,20,109.64,2658,3265,2850,2129,2,0
2026-08-23 17:50:59,21,118.2,2807,3537,2890,2378,2,0
2026-08-23 17:50:59,22,139.05,2844,2965,2685,1841,2,0
2026-08-23 17:50:59,23,124.17,2854,2983,2807,1996,2,0
2026-08-23 17:50:59,24,137.12,3014,2810,3044,2045,3,0
2026-08-23 17:50:59,25,123.77,3147,2773,3289,2094,3,0
2026-08-23 17:51:00,26,113.7,3075,2951,3197,2125,3,0
2026-08-23 17:51:00,27,128.27,3055,2968,3024,2220,1,0
2026-08-23 17:51:00,28,123.4,3225,3115,3307,2458,3,0
2026-08-23 17:51:00,29,104.01,3311,3256,3558,2340,3,0
2026-08-23 17:51:00,30,120.42,3307,3412,3572,2275,3,0
2026-08-23 17:51:00,31,110.75,3276,3514,3762,2461,3,0
2026-08-23 17:51:01,32,115.24,3518,3574,3554,2501,2,0
2026-08-23 17:51:01,33,103.74,3681,3591,3482,2606,1,0
2026-08-23 17:51:01,34,116.48,3600,3522,3567,2456,1,0
2026-08-23 17:51:01,35,115.91,3946,3416,3649,2508,1,0
2026-08-23 17:51:01,36,110.78,3763,3573,3706,2639,1,0
2026-08-23 17:51:01,37,111.37,3857,3685,3675,2595,1,0
2026-08-23 17:51:01,38,114.27,3850,3588,3604,2546,1,0
2026-08-23 17:51:02,39,121.4,3868,3463,3567,2527,1,0
2026-08-23 17:51:02,40,117.11,3919,3544,3654,2611,1,0
2026-08-23 17:51:02,41,146.34,4026,3660,3703,2650,1,0
2026-08-23 17:51:02,42,123.33,4096,3750,3663,2553,1,0
2026-08-23 17:51:02,43,117.25,4055,4053,3608,2537,1,0
2026-08-23 17:51:02,44,140.63,4154,4189,3758,2581,2,0
2026-08-23 17:51:03,45,119.93,4160,3941,3873,2526,1,0
2026-08-23 17:51:03,46,121.6,4212,4038,3931,2589,1,0
2026-08-23 17:51:03,47,125.28,4244,3963,3842,2556,1,0
2026-08-23 17:51:03,48,121.31,4203,4059,3896,2620,1,0
2026-08-23 17:51:03,49,110.78,4177,4097,4018,2545,1,0
2026-08-23 17:51:03,50,127.5,4107,4242,4007,2689,2,0
2026-08-23 17:51:04,51,99.08,4335,4267,4062,2716,1,0
2026-08-23 17:51:04,52,115.48,4259,4369,4265,2825,2,0
2026-08-23 17:51:04,53,107.77,4457,4135,4183,2778,1,0
2026-08-23 17:51:04,54,189.05,4571,4338,4211,2697,1,0
2026-08-23 17:51:04,55,182.09,4612,4388,4289,2738,1,0
2026-08-23 17:51:04,56,176.16,4700,4306,4264,2919,1,0
2026-08-23 17:51:05,57,175.7,4614,4429,4004,2852,1,0
2026-08-23 17:51:05,58,181.14,4657,4471,4137,2812,1,0
2026-08-23 17:51:05,59,172.9,4846,4567,4160,2819,1,0
2026-08-23 17:51:05,60,186.01,4683,4543,4404,2892,1,0
2026-08-23 17:51:05,61,194.35,4752,4729,4372,2937,1,0
2026-08-23 17:51:06,62,174.0,4696,4759,4362,2864,2,0
2026-08-23 17:51:06,63,207.81,4713,4826,4334,2886,2,0
2026-08-23 17:51:06,64,206.52,4817,4883,4341,2957,2,0
2026-08-23 17:51:06,65,204.28,4928,4787,4135,2936,1,0
2026-08-23 17:51:07,66,200.24,4852,4770,4155,3011,1,0
2026-08-23 17:56:38,1,1188.97,230400,230400,230400,230400,1,0
2026-08-23 17:56:38,2,152.57,1183,1078,1060,879,1,0
2026-08-23 17:56:38,3,136.46,2372,2015,1422,1694,1,0
2026-08-23 17:56:38,4,135.89,1135,995,929,716,1,0
2026-08-23 17:56:38,5,126.7,999,1057,780,834,2,0
2026-08-23 17:56:38,6,147.24,1230,1244,999,1084,2,0
2026-08-23 17:56:39,7,122.83,1024,1397,1034,1065,2,0
2026-08-23 17:56:39,8,116.57,1070,1110,961,1092,2,0
2026-08-23 17:56:39,9,116.63,1005,1067,1006,814,2,0
2026-08-23 17:56:39,10,103.61,800,1249,797,927,2,0
2026-08-23 17:56:39,11,117.35,1835,1990,1538,1208,2,0
2026-08-23 17:56:39,12,127.67,2241,2239,1982,1497,1,0
2026-08-23 17:56:39,13,139.81,1833,2189,1668,1345,2,0
2026-08-23 17:56:40,14,126.29,1343,1984,1558,1119,2,0
2026-08-23 17:56:40,15,146.46,1811,1877,2138,1524,3,0
2026-08-23 17:56:40,16,147.23,2275,2556,2498,1890,2,0
2026-08-23 17:56:40,17,145.91,2656,2679,2846,1917,3,0
2026-08-23 17:56:40,18,152.32,2396,3173,2834,2066,2,0
2026-08-23 17:56:41,19,141.32,2493,3079,2439,2023,2,0
2026-08-23 17:56:41,20,127.28,2658,3265,2850,2129,2,0
2026-08-23 17:56:41,21,115.69,2807,3537,2890,2378,2,0
2026-08-23 17:56:41,22,120.62,2844,2965,2685,1841,2,0
2026-08-23 17:56:41,23,120.86,2854,2983,2807,1996,2,0
2026-08-23 17:56:41,24,119.61,3014,2810,3044,2045,3,0
2026-08-23 17:56:41,25,119.54,3147,2773,3289,2094,3,0
2026-08-23 17:56:42,26,118.71,3075,2951,3197,2125,3,0
2026-08-23 17:56:42,27,120.74,3055,2968,3024,2220,1,0
2026-08-23 17:56:42,28,152.26,3225,3115,3307,2458,3,0
2026-08-23 17:56:42,29,155.78,3311,3256,3558,2340,3,0
2026-08-23 17:56:42,30,157.81,3307,3412,3572,2275,3,0
2026-08-23 17:56:42,31,145.79,3276,3514,3762,2461,3,0
2026-08-23 17:56:43,32,123.61,3518,3574,3554,2501,2,0
2026-08-23 17:56:43,33,117.43,3681,3591,3482,2606,1,0
2026-08-23 17:56:43,34,129.41,3600,3522,3567,2456,1,0
2026-08-23 17:56:43,35,117.91,3946,3416,3649,2508,1,0
2026-08-23 17:56:43,36,110.55,3763,3573,3706,2639,1,0
2026-08-23 17:56:43,37,110.41,3857,3685,3675,2595,1,0
2026-08-23 17:56:44,38,160.16,3850,3588,3604,2546,1,0
2026-08-23 17:56:44,39,126.22,3868,3463,3567,2527,1,0
2026-08-23 17:56:44,40,134.59,3919,3544,3654,2611,1,0
2026-08-23 17:56:44,41,129.0,4026,3660,3703,2650,1,0
2026-08-23 17:56:44,42,174.28,4096,3750,3663,2553,1,0
2026-08-23 17:56:44,43,164.46,4055,4053,3608,2537,1,0
2026-08-23 17:56:45,44,135.72,4154,4189,3758,2581,2,0
2026-08-23 17:56:45,45,127.99,4160,3941,3873,2526,1,0
2026-08-23 17:56:45,46,111.22,4212,4038,3931,2589,1,0
2026-08-23 17:56:45,47,118.17,4244,3963,3842,2556,1,0
2026-08-23 17:56:45,48,130.36,4203,4059,3896,2620,1,0
2026-08-23 17:56:45,49,186.3,4177,4097,4018,2545,1,0
2026-08-23 17:56:46,50,195.76,4107,4242,4007,2689,2,0
2026-08-23 17:56:46,51,172.03,4335,4267,4062,2716,1,0
2026-08-23 17:56:46,52,183.09,4259,4369,4265,2825,2,0
2026-08-23 17:56:46,53,178.67,4457,4135,4183,2778,1,0
2026-08-23 17:56:47,54,211.87,4571,4338,4211,2697,1,0
2026-08-23 17:56:47,55,181.41,4612,4388,4289,2738,1,0
2026-08-23 17:56:47,56,206.51,4700,4306,4264,2919,1,0
2026-08-23 17:56:47,57,186.25,4614,4429,4004,2852,1,0
2026-08-23 17:56:47,58,190.62,4657,4471,4137,2812,1,0
2026-08-23 17:56:48,59,204.61,4846,4567,4160,2819,1,0
2026-08-23 17:56:48,60,206.81,4683,4543,4404,2892,1,0
2026-08-23 17:56:48,61,201.84,4752,4729,4372,2937,1,0
2026-08-23 17:56:48,62,181.23,4696,4759,4362,2864,2,0
2026-08-23 17:56:49,63,191.32,4713,4826,4334,2886,2,0
2026-08-23 17:56:49,64,201.86,4817,4883,4341,2957,2,0
2026-08-23 17:56:49,65,187.96,4928,4787,4135,2936,1,0
2026-08-23 17:56:49,66,181.32,4852,4770,4155,3011,1,0
2026-08-23 17:56:49,67,187.61,4947,4821,4196,2966,1,0
2026-08-23 17:56:50,68,182.6,5017,5033,4164,2982,2,0
2026-08-23 17:56:50,69,178.71,4909,4851,4289,2873,1,0
2026-08-23 17:56:50,70,186.24,5107,4729,4277,2913,1,0
2026-08-23 17:56:50,71,203.87,5103,5136,4474,3039,2,0
2026-08-23 17:56:51,72,202.29,5133,5103,4480,3163,1,0
2026-08-23 17:56:51,73,184.76,5163,5053,4500,3077,1,0
2026-08-23 17:56:51,74,183.06,5202,5049,4310,3018,1,0
2026-08-23 17:56:51,75,177.26,5227,5014,4335,2966,1,0
2026-08-23 17:56:51,76,203.99,5397,5012,4267,3294,1,0
2026-08-23 17:56:52,77,194.49,5928,5833,4767,3883,1,0
2026-08-23 17:56:52,78,174.35,5767,5657,4364,3319,1,0
2026-08-23 17:56:52,79,190.07,5827,5763,4492,3336,1,0
2026-08-23 17:56:52,80,191.6,5924,5536,4546,3231,1,0
2026-08-23 17:56:52,81,177.75,6091,5928,4662,3223,1,0
2026-08-23 17:56:53,82,179.79,5852,5419,4373,3155,1,0
2026-08-23 17:56:53,83,183.43,5892,5352,4346,3169,1,0
2026-08-23 17:56:53,84,185.63,5919,5387,4463,3134,1,0
2026-08-23 17:56:53,85,185.09,6033,5684,4490,3206,1,0
2026-08-23 17:56:54,86,181.93,6016,5644,4388,3209,1,0
2026-08-23 17:56:54,87,170.84,6067,5511,4619,3241,1,0
2026-08-23 17:56:54,88,160.84,6269,5642,4602,3271,1,0
2026-08-23 17:56:54,89,185.33,6192,5572,4428,3348,1,0
2026-08-23 17:56:54,90,174.77,6131,5909,4572,3299,1,0
2026-08-23 17:56:55,91,169.83,6134,6136,4449,3420,2,0
2026-08-23 17:56:55,92,193.45,6307,6014,4630,3456,1,0
2026-08-23 17:56:55,93,181.51,6182,6121,4616,3338,1,0
2026-08-23 17:56:55,94,171.58,6279,6082,4845,3269,1,0
2026-08-23 17:56:55,95,177.37,6415,6135,4669,3414,1,0
2026-08-23 17:56:56,96,187.17,6490,6330,4744,3439,1,0
2026-08-23 17:56:56,97,196.05,6454,6360,4708,3391,1,0
2026-08-23 17:56:56,98,176.6,6450,6418,4677,3427,1,0
2026-08-23 17:56:56,99,188.08,6633,6490,4860,3485,1,0
2026-08-23 17:56:56,100,186.16,6690,6758,5007,3506,2,0
2026-08-23 17:56:57,101,176.15,6641,6725,5086,3469,2,0
2026-08-23 17:56:57,102,190.07,6583,6762,5040,3397,2,0
2026-08-23 17:56:57,103,169.67,6510,6708,5142,3548,2,0
2026-08-23 17:56:57,104,187.62,6750,6851,5239,3608,2,0
2026-08-23 17:56:57,105,179.31,6662,6619,5088,3564,1,0
2026-08-23 17:56:58,106,217.01,6797,6726,5065,3540,1,0
2026-08-23 17:56:58,107,193.5,6892,6813,5076,3555,1,0
2026-08-23 17:56:58,108,182.26,6861,6792,5280,3592,1,0
2026-08-23 17:56:58,109,195.46,7028,6626,5074,3495,1,0
2026-08-23 17:56:59,110,203.29,7038,6844,5147,3517,1,0
2026-08-23 17:56:59,111,172.37,6941,6669,5034,3667,1,0
2026-08-23 17:56:59,112,199.42,7212,6633,5095,3581,1,0
2026-08-23 17:56:59,113,206.26,7198,6654,5099,3602,1,0
2026-08-23 17:56:59,114,194.57,7380,6657,5141,3554,1,0
2026-08-23 17:57:00,115,181.42,7409,6720,5198,3601,1,0
2026-08-23 17:57:00,116,175.89,7399,6776,5210,3723,1,0
2026-08-23 17:57:00,117,205.7,7527,6458,5244,3768,1,0
2026-08-23 17:57:00,118,190.74,7629,6540,5356,3744,1,0
2026-08-23 17:57:01,119,181.71,7645,6348,5346,3738,1,0
2026-08-23 17:57:01,120,218.16,7765,6543,5281,3718,1,0
2026-08-23 17:57:01,121,200.95,7512,6347,5269,3727,1,0
2026-08-23 17:57:01,122,200.93,7861,6264,5386,3782,1,0
2026-08-23 17:57:02,123,194.86,7938,6362,5463,3814,1,0
2026-08-23 17:57:02,124,217.86,7934,6406,5650,3844,1,0
2026-08-23 17:57:02,125,204.7,8116,6360,5381,3804,1,0
2026-08-23 17:57:02,126,197.09,8109,6334,5417,3804,1,0
2026-08-23 17:57:02,127,189.33,8085,6350,5362,3872,1,0
2026-08-23 17:57:03,128,201.32,8320,6432,5591,3920,1,0
2026-08-23 17:57:03,129,191.39,8332,6357,5538,3905,1,0
2026-08-23 17:57:03,130,182.31,8454,6425,5385,3965,1,0
2026-08-23 17:57:03,131,202.87,8477,6458,5761,4015,1,0
2026-08-23 17:57:04,132,190.69,8741,6541,5734,4079,1,0
2026-08-23 17:57:04,133,189.25,8875,6550,5658,4200,1,0
2026-08-23 17:57:04,134,202.68,8805,6821,5546,4178,1,0
2026-08-23 17:57:04,135,183.85,8745,6710,5501,4233,1,0
2026-08-23 17:57:04,136,203.5,9092,6754,5494,4130,1,0
2026-08-23 17:57:05,137,195.89,8853,6606,5364,4166,1,0
2026-08-23 17:57:05,138,195.36,9073,6642,5293,4153,1,0
2026-08-23 17:57:05,139,208.53,9228,6880,5343,4052,1,0
2026-08-23 17:57:05,140,184.4,9256,7177,5305,4287,1,0
2026-08-23 17:57:06,141,185.09,9249,7104,5243,4267,1,0
2026-08-23 17:57:06,142,180.35,9417,7294,5373,4174,1,0
2026-08-23 17:57:06,143,183.36,9487,7258,5330,4232,1,0
2026-08-23 17:57:06,144,181.82,9453,7529,5413,4453,1,0
2026-08-23 17:57:06,145,195.31,9469,7409,5376,4628,1,0
2026-08-23 17:57:07,146,200.9,9502,7445,5277,4548,1,0
2026-08-23 17:57:07,147,206.92,9204,7588,5267,4423,1,0
2026-08-23 17:57:07,148,197.79,9657,7841,5182,4639,1,0
2026-08-23 17:57:07,149,200.89,9252,7593,5190,4546,1,0
2026-08-23 17:57:08,150,212.19,9292,7760,5244,4569,1,0
2026-08-23 17:57:08,151,182.91,9057,7648,5228,4497,1,0
2026-08-23 17:57:08,152,185.99,9065,7516,5237,4683,1,0
2026-08-23 17:57:08,153,192.2,9032,8330,5113,4904,1,0
2026-08-23 17:57:08,154,177.31,8859,8181,5022,4732,1,0
2026-08-23 17:57:09,155,189.67,8934,8080,4958,4809,1,0
2026-08-23 17:57:09,156,182.12,8896,8087,4814,4678,1,0
2026-08-23 17:57:09,157,192.78,8941,8201,5038,4844,1,0
2026-08-23 17:57:09,158,173.87,9038,8203,4888,4799,1,0
2026-08-23 17:57:09,159,178.06,8952,8175,4948,4762,1,0
2026-08-23 17:57:10,160,179.21,8984,8257,4940,4659,1,0
2026-08-23 17:57:10,161,183.19,9164,8425,5025,4855,1,0
2026-08-23 17:57:10,162,179.78,8921,8372,5018,4843,1,0
2026-08-23 17:57:10,163,193.15,8897,8531,4988,4879,1,0
2026-08-23 17:57:11,164,185.14,8993,8594,4943,4891,1,0
2026-08-23 17:57:11,165,184.73,9341,8881,4936,4818,1,0
2026-08-23 17:57:11,166,174.13,9033,9186,4854,4830,2,0
2026-08-23 17:57:11,167,191.85,9167,8805,4807,4799,1,0
2026-08-23 17:57:11,168,193.65,8832,9050,4901,4867,2,0
2026-08-23 17:57:12,169,192.57,9356,9045,4959,4939,1,0
2026-08-23 17:57:12,170,199.95,9320,8978,4933,4881,1,0
2026-08-23 17:57:12,171,185.4,9229,9352,4910,4872,2,0
2026-08-23 17:57:12,172,198.8,9327,9460,4901,5047,2,0
2026-08-23 17:57:12,173,175.04,9273,9238,4913,4949,1,0
2026-08-23 17:57:13,174,178.79,9404,9065,4900,4909,1,0
2026-08-23 17:57:13,175,173.28,9587,9102,4800,4864,1,0
2026-08-23 17:57:13,176,171.91,9536,9341,4793,4888,1,0
2026-08-23 17:57:13,177,183.83,9434,9114,4742,4864,1,0
2026-08-23 17:57:14,178,193.74,9284,9290,4838,4903,2,0
2026-08-23 17:57:14,179,184.29,9314,9205,4721,4822,1,0
2026-08-23 17:57:14,180,188.5,9544,9446,4673,4909,1,0
2026-08-23 17:57:14,181,222.05,9328,9291,4552,4877,1,0
2026-08-23 17:57:14,182,204.96,9598,9497,4594,4844,1,0
2026-08-23 17:57:15,183,196.65,9435,9204,4597,4761,1,0
2026-08-23 17:57:15,184,188.99,9441,9378,4443,4827,1,0
2026-08-23 17:57:15,185,177.55,9388,9212,4418,4800,1,0
2026-08-23 17:57:15,186,193.13,9296,9209,4460,4765,1,0
2026-08-23 17:57:16,187,195.43,9229,9394,4428,4810,2,0
2026-08-23 17:57:16,188,199.67,9048,9543,4662,4854,2,0
2026-08-23 17:57:16,189,204.03,9144,9383,4526,4880,2,0
2026-08-23 17:57:16,190,194.19,9173,9184,4549,4907,2,0
2026-08-23 17:57:16,191,187.68,9446,9260,4521,4821,1,0
2026-08-23 17:57:17,192,233.66,9851,9166,4536,4817,1,0
2026-08-23 17:57:17,193,193.38,9591,8975,4371,4873,1,0
2026-08-23 17:57:17,194,201.91,9600,9105,4417,4996,1,0
2026-08-23 17:57:17,195,187.94,9151,9282,4296,4933,2,0
2026-08-23 17:57:18,196,196.07,9526,9119,4288,4897,1,0
2026-08-23 17:57:18,197,185.31,9135,9090,4356,4877,1,0
2026-08-23 17:57:18,198,184.45,9207,9215,4207,4902,2,0
2026-08-23 17:57:18,199,192.19,9069,9403,4243,4912,2,0
2026-08-23 17:57:18,200,182.09,9041,9351,4340,4988,2,0
2026-08-23 17:57:19,201,199.22,8947,9292,4210,4896,2,0
2026-08-23 17:57:19,202,181.49,8952,9297,4268,4903,2,0
2026-08-23 17:57:19,203,181.49,8878,9465,4280,4899,2,0
2026-08-23 17:57:19,204,192.99,8797,9537,4230,4735,2,0
2026-08-23 17:57:20,205,183.37,8641,9300,4157,4723,2,0
2026-08-23 17:57:20,206,177.86,8638,9414,4236,4780,2,0
2026-08-23 17:57:20,207,182.93,8597,9476,4206,4781,2,0
2026-08-23 17:57:20,208,176.21,8680,9673,4349,4860,2,0
2026-08-23 17:57:20,209,196.34,8446,9467,4236,4774,2,0
2026-08-23 17:57:21,210,210.33,8381,9392,4300,4806,2,0
2026-08-23 17:57:21,211,205.35,8263,9627,4048,4731,2,0
2026-08-23 17:57:21,212,190.98,8240,9584,4286,4885,2,0
2026-08-23 17:57:21,213,205.95,8220,9338,3964,4864,2,0
2026-08-23 17:57:22,214,195.12,8184,9502,3905,4718,2,0
2026-08-23 17:57:22,215,193.92,8071,9455,3910,4782,2,0
2026-08-23 17:57:22,216,176.81,8380,9426,3882,4889,2,0
2026-08-23 17:57:22,217,181.9,8202,9472,4008,4836,2,0
2026-08-23 17:57:22,218,186.57,8115,9512,3928,4802,2,0
2026-08-23 17:57:23,219,165.84,7983,9461,3913,4811,2,0
2026-08-23 17:57:23,220,195.54,7987,9299,3977,4781,2,0
2026-08-23 17:57:23,221,206.65,8097,9313,3965,4728,2,0
2026-08-23 17:57:23,222,197.37,8187,9381,3990,4782,2,0
2026-08-23 17:57:23,223,198.04,8153,9355,4009,4766,2,0
2026-08-23 17:57:24,224,190.82,8160,9336,3939,4936,2,0
2026-08-23 17:57:24,225,177.34,8182,9140,3865,4763,2,0
2026-08-23 17:57:24,226,191.42,8149,9037,3936,4858,2,0
2026-08-23 17:57:24,227,187.43,8048,8856,3851,4728,2,0
2026-08-23 17:57:25,228,188.39,8170,9252,3965,4818,2,0
2026-08-23 17:57:25,229,185.95,8128,9260,4101,4759,2,0
2026-08-23 17:57:25,230,188.83,8223,9069,4081,4732,2,0
2026-08-23 17:57:25,231,198.6,8117,9011,4128,4779,2,0
2026-08-23 17:57:25,232,187.45,8224,9046,4034,4760,2,0
2026-08-23 17:57:26,233,180.01,8055,8646,4015,4638,2,0
2026-08-23 17:57:26,234,170.74,8189,8802,3866,4604,2,0
2026-08-23 17:57:26,235,199.98,8038,8723,3832,4582,2,0
2026-08-23 17:57:26,236,206.87,8001,8913,3973,4710,2,0
2026-08-23 17:57:27,237,195.42,7943,8740,4083,4746,2,0
2026-08-23 17:57:27,238,215.06,7965,8711,4008,4687,2,0
2026-08-23 17:57:27,239,206.83,7934,8951,3957,4718,2,0
2026-08-23 17:57:27,240,192.6,8065,8821,3964,4648,2,0
2026-08-23 17:57:27,241,208.27,7800,8568,3864,4663,2,0
2026-08-23 17:57:28,242,200.87,7868,8894,3880,4709,2,0
2026-08-23 17:57:28,243,194.82,7909,8896,3935,4772,2,0
2026-08-23 17:57:28,244,195.31,7976,8756,3962,4773,2,0
2026-08-23 17:57:28,245,209.99,7815,8658,3803,4762,2,0
2026-08-23 17:57:29,246,198.4,7652,8551,3815,4710,2,0
2026-08-23 17:57:29,247,211.1,7627,8784,3705,4717,2,0
2026-08-23 17:57:29,248,200.9,7561,8741,3658,4716,2,0
2026-08-23 17:57:29,249,182.59,7417,8600,3577,4739,2,0
2026-08-23 17:57:29,250,188.72,7557,8572,3587,4732,2,0
2026-08-23 17:57:30,251,177.34,7386,8707,3606,4724,2,0
2026-08-23 17:57:30,252,186.99,7359,8530,3504,4656,2,0
2026-08-23 17:57:30,253,207.31,7624,8504,3551,4701,2,0
2026-08-23 17:57:30,254,193.87,7308,8599,3580,4691,2,0
2026-08-23 17:57:31,255,191.76,7624,8490,3684,4718,2,0
2026-08-23 17:57:31,256,189.42,7394,8212,3584,4623,2,0
2026-08-23 17:57:31,257,200.49,7485,8292,3643,4605,2,0
2026-08-23 17:57:31,258,191.1,7280,8161,3659,4648,2,0
2026-08-23 17:57:31,259,175.15,7493,8336,3742,4659,2,0
2026-08-23 17:57:32,260,175.04,7322,8477,3718,4576,2,0
2026-08-23 17:57:32,261,167.79,7379,8067,3613,4589,2,0
2026-08-23 17:57:32,262,195.41,7516,8156,3685,4564,2,0
2026-08-23 17:57:32,263,191.41,7488,8313,3870,4535,2,0
2026-08-23 17:57:32,264,184.85,7369,8338,3834,4613,2,0
2026-08-23 17:57:33,265,186.46,7525,8052,3798,4546,2,0
2026-08-23 17:57:33,266,213.05,7483,8392,3638,4579,2,0
2026-08-23 17:57:33,267,194.41,7453,8355,3655,4549,2,0
2026-08-23 17:57:33,268,175.94,7210,8205,3490,4492,2,0
2026-08-23 17:57:34,269,218.51,7112,8235,3546,4572,2,0
2026-08-23 17:57:34,270,189.74,7160,8256,3466,4549,2,0
2026-08-23 17:57:34,271,192.78,7209,8216,3709,4462,2,0
2026-08-23 17:57:34,272,197.58,6900,8266,3563,4465,2,0
2026-08-23 17:57:35,273,181.14,6929,8103,3467,4393,2,0
2026-08-23 17:57:35,274,174.08,6957,8101,3606,4394,2,0
2026-08-23 17:57:35,275,175.24,6935,8173,3666,4409,2,0
2026-08-23 17:57:35,276,204.01,6917,7872,3465,4360,2,0
2026-08-23 17:57:35,277,186.91,6926,8003,3477,4384,2,0
2026-08-23 17:57:36,278,178.33,6724,7984,3536,4221,2,0
2026-08-23 17:57:36,279,188.63,6668,8048,3378,4285,2,0
2026-08-23 17:57:36,280,200.58,6510,8024,3439,4321,2,0
2026-08-23 17:57:36,281,194.94,6422,8162,3456,4331,2,0
2026-08-23 17:57:36,282,197.14,6279,8025,3325,4220,2,0
2026-08-23 17:57:37,283,176.48,6536,8182,3407,4302,2,0
2026-08-23 17:57:37,284,196.7,6528,8080,3231,4190,2,0
2026-08-23 17:57:37,285,204.66,6189,7983,3112,4151,2,0
2026-08-23 17:57:37,286,205.4,6177,7930,3281,4077,2,0
2026-08-23 17:57:38,287,216.99,6372,8060,3288,4113,2,0
2026-08-23 17:57:38,288,224.92,6193,8019,3140,4014,2,0
2026-08-23 17:57:38,289,209.15,6201,7955,3043,3931,2,0
2026-08-23 17:57:38,290,179.98,6071,7955,3084,4034,2,0
2026-08-23 17:57:39,291,187.99,6187,8103,3280,3904,2,0
2026-08-23 17:57:39,292,182.49,6064,7940,3293,3876,2,0
2026-08-23 17:57:39,293,172.28,6039,8114,3298,3829,2,0
2026-08-23 17:57:39,294,197.13,5797,7885,3073,3873,2,0
2026-08-23 17:57:39,295,187.27,5857,8064,3102,3836,2,0
2026-08-23 17:57:40,296,170.93,5731,7723,3126,3847,2,0
2026-08-23 17:57:40,297,165.47,5758,8001,3103,3761,2,0
2026-08-23 17:57:40,298,178.06,5794,7726,3126,3758,2,0
2026-08-23 17:57:40,299,184.1,5886,7951,3072,3712,2,0
2026-08-23 17:57:40,300,180.93,5654,7905,3097,3682,2,0
2026-08-23 17:57:41,301,198.94,5737,7894,3107,3598,2,0
2026-08-23 17:57:41,302,171.64,5937,7629,3190,3494,2,0
2026-08-23 17:57:41,303,169.49,5781,7755,3299,3518,2,0
2026-08-23 17:57:41,304,183.05,5718,7595,3240,3397,2,0
2026-08-23 17:57:41,305,203.17,5826,7307,3219,3465,2,0
2026-08-23 17:57:42,306,218.17,5764,7494,3191,3452,2,0
2026-08-23 17:57:42,307,183.02,5550,7312,3189,3363,2,0
2026-08-23 17:57:42,308,206.52,5716,7198,3262,3255,2,0
2026-08-23 17:57:42,309,193.9,5907,7279,3340,3414,2,0
2026-08-23 17:57:43,310,171.28,5709,7255,3281,3357,2,0
2026-08-23 17:57:43,311,184.31,5624,7271,3435,3233,2,0
2026-08-23 17:57:43,312,184.36,5505,7015,3417,3260,2,0
2026-08-23 17:57:43,313,188.74,5551,7311,3535,3196,2,0
2026-08-23 17:57:43,314,201.48,5369,7540,3423,3182,2,0
2026-08-23 17:57:44,315,181.26,5197,7380,3436,3126,2,0
2026-08-23 17:57:44,316,185.2,5221,7142,3390,3134,2,0
2026-08-23 17:57:44,317,187.83,5344,6853,3554,3078,2,0
2026-08-23 17:57:44,318,189.97,5144,6845,3508,2980,2,0
2026-08-23 17:57:45,319,178.95,5082,6875,3442,3059,2,0
2026-08-23 17:57:45,320,185.96,5081,6758,3553,3043,2,0
2026-08-23 17:57:45,321,194.73,5097,6626,3593,2943,2,0
2026-08-23 17:57:45,322,177.22,4970,6886,3553,2959,2,0
2026-08-23 17:57:45,323,188.02,5146,6787,3387,2948,2,0
2026-08-23 17:57:46,324,172.69,4889,6759,3622,2765,2,0
2026-08-23 17:57:46,325,202.72,4773,6545,3612,2693,2,0
2026-08-23 17:57:46,326,181.12,4785,6449,3407,2629,2,0
2026-08-23 17:57:46,327,197.9,4727,6522,3559,2750,2,0
2026-08-23 17:57:46,328,181.75,4846,6577,3399,2699,2,0
2026-08-23 17:57:47,329,185.72,4720,6535,3483,2684,2,0
2026-08-23 17:57:47,330,191.42,4664,6437,3516,2656,2,0
2026-08-23 17:57:47,331,192.81,4428,6313,3457,2620,2,0
2026-08-23 17:57:47,332,200.85,4322,6540,3641,2585,2,0
2026-08-23 17:57:48,333,181.72,4221,6454,3495,2522,2,0
2026-08-23 17:57:48,334,174.71,4170,6616,3595,2493,2,0
2026-08-23 17:57:48,335,181.47,4261,6456,3520,2502,2,0
2026-08-23 17:57:48,336,187.24,4143,6299,3423,2479,2,0
2026-08-23 17:57:48,337,184.96,4160,6386,3459,2415,2,0
2026-08-23 17:57:49,338,183.01,4090,6236,3477,2396,2,0
2026-08-23 17:57:49,339,181.15,4143,6268,3516,2324,2,0
2026-08-23 17:57:49,340,193.83,4128,6220,3462,2340,2,0
2026-08-23 17:57:49,341,170.27,3823,5933,3449,2220,2,0
2026-08-23 17:57:49,342,178.92,3714,6134,3516,2213,2,0
2026-08-23 17:57:50,343,187.21,3680,6156,3508,2045,2,0
2026-08-23 17:57:50,344,176.91,3691,6153,3416,2082,2,0
2026-08-23 17:57:50,345,179.93,3626,6095,3344,2140,2,0
2026-08-23 17:57:50,346,186.06,3553,5977,3342,2096,2,0
2026-08-23 17:57:51,347,180.12,3561,6243,3445,2165,2,0
2026-08-23 17:57:51,348,179.15,3450,6187,3554,2124,2,0
2026-08-23 17:57:51,349,179.78,3427,6073,3477,2153,2,0
2026-08-23 17:57:51,350,167.44,3292,6486,3367,2255,2,0
2026-08-23 17:57:51,351,175.12,3166,6313,3390,2035,2,0
2026-08-23 17:57:52,352,182.72,3168,6218,3302,2161,2,0
2026-08-23 17:57:52,353,186.92,3119,6055,3335,2092,2,0
2026-08-23 17:57:52,354,175.71,3048,5813,3181,1996,2,0
2026-08-23 17:57:52,355,189.82,3037,5897,3271,1965,2,0
2026-08-23 17:57:52,356,193.82,2988,5734,3232,1995,2,0
2026-08-23 17:57:53,357,184.75,2966,5785,3116,1905,2,0
2026-08-23 17:57:53,358,179.21,2875,5818,3210,2016,2,0
2026-08-23 17:57:53,359,195.61,2849,6029,3140,1795,2,0
2026-08-23 17:57:53,360,170.14,2799,5956,3160,1977,2,0
2026-08-23 17:57:53,361,171.87,2786,5956,3300,1901,2,0
2026-08-23 17:57:54,362,184.08,2755,6162,3233,2054,2,0
2026-08-23 17:57:54,363,185.3,2706,5885,3078,1955,2,0
2026-08-23 17:57:54,364,180.72,2641,6032,3268,2009,2,0
2026-08-23 17:57:54,365,179.24,2612,5821,3171,2099,2,0
2026-08-23 17:57:54,366,178.82,2544,5898,3157,2023,2,0
2026-08-23 17:57:55,367,179.03,2478,5873,3125,1902,2,0
2026-08-23 17:57:55,368,161.56,2541,5972,3181,2048,2,0
2026-08-23 17:57:55,369,180.9,2449,5919,3042,1958,2,0
2026-08-23 17:57:55,370,194.88,2447,5501,3093,2008,2,0
2026-08-23 17:57:56,371,182.4,2357,5567,3079,1935,2,0
2026-08-23 17:57:56,372,182.98,2346,5531,3198,1835,2,0
2026-08-23 17:57:56,373,171.66,2270,5461,3189,1830,2,0
2026-08-23 17:57:56,374,183.62,2141,5460,3220,1744,2,0
2026-08-23 17:57:56,375,186.9,2160,5421,3297,1794,2,0
2026-08-23 17:57:57,376,186.92,2172,5541,3346,1854,2,0
2026-08-23 17:57:57,377,185.97,2048,5148,3274,1738,2,0
2026-08-23 17:57:57,378,193.4,1954,5297,3239,1792,2,0
2026-08-23 17:57:57,379,178.7,1939,5156,3262,1772,2,0
2026-08-23 17:57:57,380,182.11,1927,5142,3405,1768,2,0
2026-08-23 17:57:58,381,181.84,1897,4957,3519,1869,2,0
2026-08-23 17:57:58,382,180.43,1808,5200,3386,1804,2,0
2026-08-23 17:57:58,383,178.56,1804,5197,3525,1708,2,0
2026-08-23 17:57:58,384,181.9,1698,5174,3541,1464,2,0
2026-08-23 17:57:58,385,183.79,1756,5194,3476,1488,2,0
2026-08-23 17:57:59,386,178.16,1650,5050,3539,1537,2,0
2026-08-23 17:57:59,387,186.65,1610,5029,3382,1366,2,0
2026-08-23 17:57:59,388,202.89,1551,4858,3469,1377,2,0
2026-08-23 17:57:59,389,193.66,1542,4921,3567,1471,2,0
2026-08-23 17:58:00,390,181.36,1433,4806,3401,1468,2,0
2026-08-23 17:58:00,391,188.06,1514,4858,3414,1583,2,0
2026-08-23 17:58:00,392,178.77,1472,4550,3429,1622,2,0
2026-08-23 17:58:00,393,179.78,1492,4724,3443,1577,2,0
2026-08-23 17:58:00,394,181.04,1448,4684,3351,1544,2,0
2026-08-23 17:58:01,395,180.88,1461,4738,3491,1441,2,0
2026-08-23 17:58:01,396,182.97,1408,4622,3530,1448,2,0
2026-08-23 17:58:01,397,195.96,1409,4461,3447,1499,2,0
2026-08-23 17:58:01,398,188.79,1377,4447,3413,1437,2,0
2026-08-23 17:58:02,399,191.99,1313,4319,3479,1486,2,0
2026-08-23 17:58:02,400,190.08,1325,4337,3433,1515,2,0
2026-08-23 17:58:02,401,175.87,1307,4346,3305,1449,2,0
2026-08-23 17:58:02,402,183.49,1251,4169,3284,1444,2,0
2026-08-23 17:58:02,403,184.45,1257,4395,3326,1380,2,0
2026-08-23 17:58:03,404,183.02,1251,4225,3399,1367,2,0
2026-08-23 17:58:03,405,207.34,1230,3994,3367,1367,2,0
2026-08-23 17:58:03,406,184.78,1227,4090,3340,1322,2,0
2026-08-23 17:58:03,407,187.05,1219,4218,3427,1265,2,0
2026-08-23 17:58:03,408,180.49,1169,3946,3346,1250,2,0
2026-08-23 17:58:04,409,172.55,1214,4013,3313,1292,2,0
2026-08-23 17:58:04,410,195.21,1116,3917,3207,1161,2,0
2026-08-23 17:58:04,411,187.86,1106,3964,3296,1171,2,0
2026-08-23 17:58:04,412,174.93,1063,3920,3235,1131,2,0
2026-08-23 17:58:04,413,180.47,1062,3923,3256,1124,2,0
2026-08-23 17:58:05,414,213.82,1034,3842,3154,1129,2,0
2026-08-23 17:58:05,415,198.37,1047,3744,3126,1124,2,0
2026-08-23 17:58:05,416,183.3,991,3871,3233,1015,2,0
2026-08-23 17:58:05,417,204.27,980,3789,3183,986,2,0
2026-08-23 17:58:06,418,187.59,998,3737,3129,1046,2,0
2026-08-23 17:58:06,419,192.81,923,3833,3097,993,2,0
2026-08-23 17:58:06,420,172.86,967,3786,3079,1086,2,0
2026-08-23 17:58:06,421,186.81,939,3621,2972,1024,2,0
2026-08-23 17:58:06,422,191.1,929,3723,3022,937,2,0
2026-08-23 17:58:07,423,175.48,925,3657,2920,849,2,0
2026-08-23 17:58:07,424,196.15,934,3689,2906,896,2,0
2026-08-23 17:58:07,425,175.63,868,3615,3078,901,2,0
2026-08-23 17:58:07,426,190.6,879,3533,3031,976,2,0
2026-08-23 17:58:08,427,213.61,858,3492,3044,864,2,0
2026-08-23 17:58:08,428,187.54,841,3424,2942,815,2,0
2026-08-23 17:58:08,429,185.22,881,3332,2844,659,2,0
2026-08-23 17:58:08,430,174.37,826,3324,2870,708,2,0
2026-08-23 17:58:08,431,170.73,869,3360,2937,670,2,0
2026-08-23 17:58:09,432,185.78,875,3186,2809,728,2,0
2026-08-23 17:58:09,433,188.82,846,3318,2876,620,2,0
2026-08-23 17:58:09,434,199.28,863,3243,2927,655,2,0
2026-08-23 17:58:09,435,173.87,816,3317,2905,627,2,0
2026-08-23 17:58:09,436,181.66,776,3314,2945,695,2,0
2026-08-23 17:58:10,437,175.88,775,3303,2860,588,2,0
2026-08-23 17:58:10,438,186.21,797,3411,2894,512,2,0
2026-08-23 17:58:10,439,172.37,772,3493,3022,490,2,0
2026-08-23 17:58:10,440,184.83,724,3357,3040,559,2,0
2026-08-23 17:58:11,441,193.62,730,3372,2954,493,2,0
2026-08-23 17:58:11,442,182.2,705,3174,3004,599,2,0
2026-08-23 17:58:11,443,167.86,693,3087,2977,575,2,0
2026-08-23 17:58:11,444,170.65,726,3138,3101,575,2,0
2026-08-23 17:58:11,445,193.15,669,3053,3066,593,3,0
2026-08-23 17:58:12,446,182.89,690,2944,3007,519,3,0
2026-08-23 17:58:12,447,196.1,685,2991,3073,659,3,0
2026-08-23 17:58:12,448,199.51,683,2962,3049,576,3,0
2026-08-23 17:58:12,449,215.68,676,2905,2975,540,3,0
2026-08-23 17:58:12,450,186.65,672,2886,3019,575,3,0
2026-08-23 17:58:13,451,178.81,628,2847,3003,623,3,0
2026-08-23 17:58:13,452,175.44,646,2898,2891,649,2,0
2026-08-23 17:58:13,453,184.75,635,2718,2880,601,3,0
2026-08-23 17:58:13,454,182.77,646,2646,2958,535,3,0
2026-08-23 17:58:14,455,184.59,639,2760,2977,615,3,0
2026-08-23 17:58:14,456,172.33,632,2694,2927,573,3,0
2026-08-23 17:58:14,457,184.79,592,2782,2834,560,3,0
2026-08-23 17:58:14,458,182.89,594,2752,2899,494,3,0
2026-08-23 17:58:14,459,178.71,534,2657,2849,524,3,0
2026-08-23 17:58:15,460,187.61,528,2538,2867,563,3,0
2026-08-23 17:58:15,461,188.87,534,2465,2823,567,3,0
2026-08-23 17:58:15,462,174.2,512,2562,2705,588,3,0
2026-08-23 17:58:15,463,175.06,501,2613,2638,643,3,0
2026-08-23 17:58:15,464,176.39,518,2492,2780,670,3,0
2026-08-23 17:58:16,465,201.06,541,2370,2756,658,3,0
2026-08-23 17:58:16,466,173.06,477,2405,2745,675,3,0
2026-08-23 17:58:16,467,181.56,417,2408,2866,696,3,0
2026-08-23 17:58:16,468,182.56,444,2428,2770,745,3,0
2026-08-23 17:58:16,469,196.58,429,2211,2812,757,3,0
2026-08-23 17:58:17,470,181.75,421,2130,2792,700,3,0
2026-08-23 17:58:17,471,189.05,422,2000,2728,739,3,0
2026-08-23 17:58:17,472,161.9,413,1984,2730,734,3,0
2026-08-23 17:58:17,473,191.18,418,1932,2826,742,3,0
2026-08-23 17:58:17,474,178.45,428,2023,2700,787,3,0
2026-08-23 17:58:18,475,172.85,432,2008,2798,773,3,0
2026-08-23 17:58:18,476,192.57,428,1991,2938,780,3,0
2026-08-23 17:58:18,477,184.5,434,1905,2829,776,3,0
2026-08-23 17:58:18,478,223.78,430,1978,2815,778,3,0
2026-08-23 17:58:19,479,220.75,423,1929,2723,749,3,0
2026-08-23 17:58:19,480,202.56,481,1943,2770,724,3,0
2026-08-23 17:58:19,481,188.72,479,1882,2686,652,3,0
2026-08-23 17:58:19,482,201.46,458,1804,2691,689,3,0
2026-08-23 17:58:20,483,191.92,486,1842,2685,672,3,0
2026-08-23 17:58:20,484,194.17,483,1741,2739,671,3,0
2026-08-23 17:58:20,485,191.54,461,1766,2542,679,3,0
2026-08-23 17:58:20,486,190.28,471,1770,2587,662,3,0
2026-08-23 17:58:20,487,201.94,523,1675,2627,699,3,0
2026-08-23 17:58:21,488,179.06,507,1591,2502,672,3,0
2026-08-23 17:58:21,489,188.1,481,1579,2595,675,3,0
2026-08-23 17:58:21,490,207.19,491,1666,2393,641,3,0
2026-08-23 17:58:21,491,184.62,511,1660,2605,705,3,0
2026-08-23 17:58:21,492,176.59,526,1682,2482,639,3,0
2026-08-23 17:58:22,493,197.92,531,1552,2493,655,3,0
2026-08-23 17:58:22,494,187.85,538,1495,2350,653,3,0
2026-08-23 17:58:22,495,202.02,536,1454,2381,649,3,0
2026-08-23 17:58:22,496,181.69,555,1478,2435,640,3,0
2026-08-23 17:58:23,497,192.09,559,1489,2413,631,3,0
2026-08-23 17:58:23,498,196.15,535,1495,2357,716,3,0
2026-08-23 17:58:23,499,188.39,549,1467,2287,645,3,0
2026-08-23 17:58:23,500,201.2,557,1482,2415,641,3,0
2026-08-23 17:58:23,501,187.95,536,1475,2291,621,3,0
2026-08-23 17:58:24,502,185.29,575,1639,2315,682,3,0
2026-08-23 17:58:24,503,175.22,557,1432,2242,637,3,0
2026-08-23 17:58:24,504,190.01,555,1346,2340,721,3,0
2026-08-23 17:58:24,505,187.46,594,1467,2302,662,3,0
2026-08-23 17:58:25,506,191.22,602,1442,2303,630,3,0
2026-08-23 17:58:25,507,200.26,611,1235,2314,722,3,0
2026-08-23 17:58:25,508,178.37,620,1419,2439,628,3,0
2026-08-23 17:58:25,509,186.75,612,1224,2328,827,3,0
2026-08-23 17:58:25,510,189.42,626,1375,2337,758,3,0
2026-08-23 17:58:26,511,179.64,641,1366,2320,798,3,0
2026-08-23 17:58:26,512,172.08,646,1220,2356,826,3,0
2026-08-23 17:58:26,513,198.18,640,1221,2397,791,3,0
2026-08-23 17:58:26,514,184.18,643,1126,2283,828,3,0
2026-08-23 17:58:26,515,168.95,652,1080,2389,859,3,0
2026-08-23 17:58:27,516,167.81,656,1186,2363,734,3,0
2026-08-23 17:58:27,517,194.79,657,1012,2262,790,3,0
2026-08-23 17:58:27,518,176.07,654,961,2389,814,3,0
2026-08-23 17:58:27,519,172.76,648,1001,2429,740,3,0
2026-08-23 17:58:28,520,192.81,649,996,2501,811,3,0
2026-08-23 17:58:28,521,187.83,672,1092,2491,868,3,0
2026-08-23 17:58:28,522,186.36,656,966,2233,734,3,0
2026-08-23 17:58:28,523,187.07,651,901,2492,839,3,0
2026-08-23 17:58:28,524,190.8,658,948,2367,817,3,0
2026-08-23 17:58:29,525,190.87,677,830,2437,828,3,0
2026-08-23 17:58:29,526,178.25,674,769,2379,697,3,0
2026-08-23 17:58:29,527,180.71,662,735,2311,720,3,0
2026-08-23 17:58:29,528,208.82,653,696,2442,733,3,0
2026-08-23 17:58:29,529,185.63,686,612,2361,763,3,0
2026-08-23 17:58:30,530,176.26,703,633,2292,764,3,0
2026-08-23 17:58:30,531,181.73,694,609,2401,757,3,0
2026-08-23 17:58:30,532,174.9,690,528,2267,715,3,0
2026-08-23 17:58:30,533,183.87,715,540,2333,839,3,0
2026-08-23 17:58:30,534,175.36,679,478,2346,731,3,0
2026-08-23 17:58:31,535,166.37,677,472,2298,715,3,0
2026-08-23 17:58:31,536,179.58,661,527,2391,787,3,0
2026-08-23 17:58:31,537,184.61,686,469,2462,728,3,0
2026-08-23 17:58:31,538,216.44,658,477,2116,755,3,0
2026-08-23 17:58:32,539,204.2,652,413,2221,737,3,0
2026-08-23 17:58:32,540,185.58,683,349,2213,731,3,0
2026-08-23 17:58:32,541,194.4,651,344,2175,708,3,0
2026-08-23 17:58:32,542,232.58,655,306,2347,660,3,0
2026-08-23 17:58:33,543,218.84,2880,2164,3710,2500,3,0
2026-08-23 17:58:33,544,211.62,2769,2110,3540,2421,3,0
2026-08-23 17:58:33,545,197.39,2586,1935,3585,2348,3,0
2026-08-23 17:58:33,546,189.39,2474,1829,3488,2293,3,0
2026-08-23 17:58:33,547,179.24,2612,1814,3353,2310,3,0
2026-08-23 17:58:34,548,193.95,2365,1717,3075,2305,3,0
2026-08-23 17:58:34,549,221.72,2275,1669,3031,2177,3,0
2026-08-23 17:58:34,550,196.71,2296,1646,3057,2082,3,0
2026-08-23 17:58:34,551,177.45,2295,1721,2911,2046,3,0
2026-08-23 17:58:35,552,192.24,2174,1681,2725,2086,3,0
2026-08-23 17:58:35,553,221.37,2185,1692,2690,2033,3,0
2026-08-23 17:58:35,554,189.47,2414,1652,2784,2078,3,0
2026-08-23 17:58:35,555,175.82,2379,1793,2650,2042,3,0
2026-08-23 17:58:35,556,185.57,2379,1865,2731,1999,3,0
2026-08-23 17:58:36,557,208.66,2530,2000,2835,2170,3,0
2026-08-23 17:58:36,558,186.58,2437,2143,2736,2172,3,0
2026-08-23 17:58:36,559,187.64,2409,2122,2728,2137,3,0
2026-08-23 17:58:36,560,191.22,2538,2154,2745,2126,3,0
2026-08-23 17:58:37,561,180.14,2708,2077,2889,2181,3,0
2026-08-23 17:58:37,562,195.78,2711,2270,3011,2196,3,0
2026-08-23 17:58:37,563,183.59,2715,2137,3079,2226,3,0
2026-08-23 17:58:37,564,214.96,2731,2282,3071,2193,3,0
2026-08-23 17:58:37,565,185.41,2831,2280,2933,2252,3,0
2026-08-23 17:58:38,566,220.0,2733,2205,3056,2255,3,0
2026-08-23 17:58:38,567,178.62,2649,2277,3087,2245,3,0
2026-08-23 17:58:38,568,204.37,2744,2190,3191,2261,3,0
2026-08-23 17:58:38,569,178.16,2868,2230,3161,2310,3,0
2026-08-23 17:58:39,570,180.29,2918,2340,3212,2362,3,0
2026-08-23 17:58:39,571,178.1,2979,2392,3230,2387,3,0
2026-08-23 17:58:39,572,186.59,2947,2381,3199,2369,3,0
2026-08-23 17:58:39,573,194.0,2885,2487,3309,2388,3,0
2026-08-23 17:58:39,574,168.7,3228,2576,3369,2417,3,0
2026-08-23 17:58:40,575,202.53,3321,2598,3384,2495,3,0
2026-08-23 17:58:40,576,167.38,3515,2642,3258,2485,1,0
2026-08-23 17:58:40,577,185.46,3624,2764,3272,2492,1,0
2026-08-23 17:58:40,578,185.34,3731,2751,3280,2568,1,0
2026-08-23 17:58:40,579,198.66,3609,2663,3349,2535,1,0
2026-08-23 17:58:41,580,188.26,3617,2678,3227,2533,1,0
2026-08-23 17:58:41,581,194.97,3709,2579,3293,2543,1,0
2026-08-23 17:58:41,582,193.91,3781,2719,3345,2548,1,0
2026-08-23 17:58:41,583,184.83,3953,2728,3278,2527,1,0
2026-08-23 17:58:42,584,191.22,3812,2885,3366,2532,1,0
2026-08-23 17:58:42,585,204.59,3864,2901,3502,2558,1,0
2026-08-23 17:58:42,586,183.92,3880,2873,3436,2572,1,0
2026-08-23 17:58:42,587,213.58,4007,2953,3369,2525,1,0
2026-08-23 17:58:42,588,211.62,3987,3101,3502,2496,1,0
2026-08-23 17:58:43,589,183.47,4075,2974,3388,2517,1,0
2026-08-23 17:58:43,590,204.38,4239,3052,3355,2543,1,0
2026-08-23 17:58:43,591,206.27,4183,2989,3410,2558,1,0
2026-08-23 17:58:43,592,201.67,4104,3115,3409,2588,1,0
2026-08-23 17:58:44,593,202.42,4352,3128,3476,2607,1,0
2026-08-23 17:58:44,594,178.61,4375,3123,3653,2619,1,0
2026-08-23 17:58:44,595,183.51,4388,2964,3523,2569,1,0
2026-08-23 17:58:44,596,175.86,4516,3050,3514,2637,1,0
2026-08-23 17:58:44,597,179.02,4322,3215,3415,2674,1,0
2026-08-23 17:58:45,598,174.12,4331,3205,3500,2664,1,0
2026-08-23 17:58:45,599,181.75,4403,3175,3456,2718,1,0
2026-08-23 17:58:45,600,177.39,4349,2917,3572,2723,1,0
2026-08-23 17:58:45,601,167.71,4395,3109,3560,2716,1,0
2026-08-23 17:58:45,602,174.39,4538,3109,3620,2729,1,0
2026-08-23 17:58:46,603,185.07,4514,3226,3627,2742,1,0
2026-08-23 17:58:46,604,182.82,4649,3079,3574,2701,1,0
2026-08-23 17:58:46,605,168.37,4555,3309,3616,2694,1,0
2026-08-23 17:58:46,606,174.78,4759,3278,3706,2756,1,0
2026-08-23 17:58:47,607,191.17,4838,3285,3776,2755,1,0
2026-08-23 17:58:47,608,163.5,4992,3269,3703,2845,1,0
2026-08-23 17:58:47,609,173.02,5071,3444,3614,2823,1,0
2026-08-23 17:58:47,610,182.32,5038,3413,3700,2902,1,0
2026-08-23 17:58:47,611,179.27,5013,3446,3736,2897,1,0
2026-08-23 17:58:48,612,180.79,4964,3522,3689,2967,1,0
2026-08-23 17:58:48,613,174.89,5026,3640,3637,2989,1,0
2026-08-23 17:58:48,614,181.66,5086,3669,3607,3020,1,0
2026-08-23 17:58:48,615,184.87,5164,3643,3713,2994,1,0
2026-08-23 17:58:48,616,179.28,5158,3605,3694,2996,1,0
2026-08-23 17:58:49,617,174.86,5196,3701,3608,2971,1,0
2026-08-23 17:58:49,618,170.0,5386,3779,3592,2947,1,0
2026-08-23 17:58:49,619,177.41,5518,3786,3837,2967,1,0
2026-08-23 17:58:49,620,169.79,5609,3742,3699,2936,1,0
2026-08-23 17:58:49,621,165.99,5615,3808,3520,3016,1,0
2026-08-23 17:58:50,622,177.96,5698,3876,3556,3005,1,0
2026-08-23 17:58:50,623,175.18,5842,3796,3422,2977,1,0
2026-08-23 17:58:50,624,175.36,5734,3816,3376,3048,1,0
2026-08-23 17:58:50,625,180.53,5766,3673,3531,2974,1,0
2026-08-23 17:58:50,626,175.38,5636,3863,3577,2973,1,0
2026-08-23 17:58:51,627,173.88,5826,4017,3549,3023,1,0
2026-08-23 17:58:51,628,170.79,5634,4160,3418,3088,1,0
2026-08-23 17:58:51,629,179.98,5861,4156,3545,3084,1,0
2026-08-23 17:58:51,630,183.95,5872,4177,3620,3145,1,0
2026-08-23 17:58:51,631,177.53,5839,4174,3630,3140,1,0
2026-08-23 17:58:52,632,180.56,5962,4588,3639,3174,1,0
2026-08-23 17:58:52,633,174.86,5883,4717,3570,3167,1,0
2026-08-23 17:58:52,634,179.3,5875,4623,3689,3196,1,0
2026-08-23 17:58:52,635,189.86,5970,4574,3583,3162,1,0
2026-08-23 17:58:52,636,183.78,6175,4616,3692,3132,1,0
2026-08-23 17:58:53,637,174.73,6040,4581,3576,3096,1,0
2026-08-23 17:58:53,638,170.71,6109,4726,3714,3143,1,0
2026-08-23 17:58:53,639,185.0,6248,4715,3748,3170,1,0
2026-08-23 17:58:53,640,174.78,6267,5139,3793,3196,1,0
2026-08-23 17:58:54,641,184.54,6244,5108,3579,3279,1,0
2026-08-23 17:58:54,642,170.28,6369,5146,3594,3322,1,0
2026-08-23 17:58:54,643,166.74,6522,5264,3768,3297,1,0
2026-08-23 17:58:54,644,181.33,6537,5186,3702,3219,1,0
2026-08-23 17:58:54,645,173.69,6470,5170,3751,3273,1,0
2026-08-23 17:58:55,646,192.61,6596,5014,3807,3308,1,0
2026-08-23 17:58:55,647,184.19,6628,4939,3840,3224,1,0
2026-08-23 17:58:55,648,181.92,6727,5126,3899,3271,1,0
2026-08-23 17:58:55,649,162.67,6715,5227,3940,3269,1,0
2026-08-23 17:58:55,650,175.32,6846,5397,3887,3288,1,0
2026-08-23 17:58:56,651,182.87,6731,5170,4053,3289,1,0
2026-08-23 17:58:56,652,176.65,6762,5206,4021,3299,1,0
2026-08-23 17:58:56,653,163.66,6885,5075,3939,3314,1,0
2026-08-23 17:58:56,654,168.31,7020,5280,4095,3365,1,0
2026-08-23 17:58:56,655,174.81,6931,5081,4082,3339,1,0
2026-08-23 17:58:57,656,176.5,7102,5119,4033,3324,1,0
2026-08-23 17:58:57,657,169.7,7281,5016,4057,3334,1,0
2026-08-23 17:58:57,658,172.94,7236,5196,4152,3403,1,0
2026-08-23 17:58:57,659,178.21,7302,4864,4223,3376,1,0
2026-08-23 17:58:57,660,182.17,7388,4849,4160,3355,1,0
2026-08-23 17:58:58,661,193.59,7308,4696,4220,3445,1,0
2026-08-23 17:58:58,662,162.17,7423,5091,4201,3420,1,0
2026-08-23 17:58:58,663,163.25,7217,4980,4240,3471,1,0
2026-08-23 17:58:58,664,171.99,7588,5018,4200,3502,1,0
2026-08-23 17:58:58,665,173.39,7570,4971,4393,3584,1,0
2026-08-23 17:58:59,666,178.6,7528,4901,4285,3625,1,0
2026-08-23 17:58:59,667,172.87,7813,4812,4225,3608,1,0
2026-08-23 17:58:59,668,178.77,7734,4944,4219,3593,1,0
2026-08-23 17:58:59,669,176.48,7708,5058,4299,3627,1,0
2026-08-23 17:59:00,670,169.88,7877,4947,4361,3611,1,0
2026-08-23 17:59:00,671,185.03,7753,4986,4330,3620,1,0
2026-08-23 17:59:00,672,171.65,8103,5006,4359,3595,1,0
2026-08-23 17:59:00,673,174.62,8149,5068,4418,3611,1,0
2026-08-23 17:59:00,674,174.31,8314,5112,4308,3740,1,0
2026-08-23 17:59:01,675,199.71,8324,5130,4262,3778,1,0
2026-08-23 17:59:01,676,188.58,8505,5303,4223,3807,1,0
2026-08-23 17:59:01,677,182.58,8361,5340,4274,3910,1,0
2026-08-23 17:59:01,678,160.05,8503,5290,4132,3834,1,0
2026-08-23 17:59:01,679,176.88,8582,5204,4180,3929,1,0
2026-08-23 17:59:02,680,171.33,8726,5557,4132,3864,1,0
2026-08-23 17:59:02,681,176.17,8842,5637,4140,3844,1,0
2026-08-23 17:59:02,682,171.25,8740,5735,4178,3926,1,0
2026-08-23 17:59:02,683,167.0,8828,5819,4022,3909,1,0
2026-08-23 17:59:02,684,158.18,8811,6011,4213,3849,1,0
2026-08-23 17:59:03,685,175.59,8827,5867,4238,3980,1,0
2026-08-23 17:59:03,686,177.96,8679,6004,4147,4115,1,0
2026-08-23 17:59:03,687,172.94,8526,5897,3930,4130,1,0
2026-08-23 17:59:03,688,180.37,8589,5896,4022,4118,1,0
2026-08-23 17:59:03,689,174.35,8675,6073,4057,4046,1,0
2026-08-23 17:59:04,690,176.54,8581,6263,4002,4229,1,0
2026-08-23 17:59:04,691,178.56,8556,6285,3817,4193,1,0
2026-08-23 17:59:04,692,179.09,8615,6343,3920,4300,1,0
2026-08-23 17:59:04,693,180.79,8426,6312,3810,4156,1,0
2026-08-23 17:59:04,694,183.99,8446,6238,3747,4272,1,0
2026-08-23 17:59:05,695,172.0,8483,6601,3820,4398,1,0
2026-08-23 17:59:05,696,181.12,8535,6451,3669,4310,1,0
2026-08-23 17:59:05,697,169.44,8265,6402,3730,4339,1,0
2026-08-23 17:59:05,698,179.09,8063,6467,3731,4341,1,0
2026-08-23 17:59:05,699,168.75,8243,6737,3629,4483,1,0
2026-08-23 17:59:06,700,154.09,8144,6496,3640,4463,1,0
2026-08-23 17:59:06,701,173.82,8148,6658,3701,4401,1,0
2026-08-23 17:59:06,702,169.48,8281,6791,3709,4367,1,0
2026-08-23 17:59:06,703,181.61,8427,6846,3714,4389,1,0
2026-08-23 17:59:06,704,154.68,8354,6684,3626,4479,1,0
2026-08-23 17:59:07,705,169.56,8182,6919,3500,4378,1,0
2026-08-23 17:59:07,706,172.68,8326,7060,3505,4383,1,0
2026-08-23 17:59:07,707,176.12,8503,6979,3604,4378,1,0
2026-08-23 17:59:07,708,179.9,8354,7272,3701,4436,1,0
2026-08-23 17:59:07,709,174.55,8372,7319,3617,4416,1,0
2026-08-23 17:59:08,710,189.7,8262,7448,3592,4423,1,0
2026-08-23 17:59:08,711,186.24,8622,7488,3636,4457,1,0
2026-08-23 17:59:08,712,165.51,8536,7673,3722,4382,1,0
2026-08-23 17:59:08,713,179.12,8590,7855,3651,4407,1,0
2026-08-23 17:59:09,714,174.08,8512,7944,3725,4516,1,0
2026-08-23 17:59:09,715,177.51,8524,7859,3684,4597,1,0
2026-08-23 17:59:09,716,167.72,8820,7817,3614,4589,1,0
2026-08-23 17:59:09,717,185.82,8827,7646,3617,4706,1,0
2026-08-23 17:59:09,718,175.21,8782,7935,3545,4615,1,0
2026-08-23 17:59:10,719,166.05,8651,8083,3461,4684,1,0
2026-08-23 17:59:10,720,181.26,8595,7983,3615,4609,1,0
2026-08-23 17:59:10,721,180.28,8477,8029,3690,4450,1,0
2026-08-23 17:59:10,722,177.7,8691,8087,3771,4629,1,0
2026-08-23 17:59:10,723,178.05,8565,8085,3600,4699,1,0
2026-08-23 17:59:11,724,173.96,8689,8149,3674,4620,1,0
2026-08-23 17:59:11,725,178.44,8702,7785,3759,4669,1,0
2026-08-23 17:59:11,726,175.69,8727,7872,3748,4602,1,0
2026-08-23 17:59:11,727,172.97,8687,7881,3797,4579,1,0
2026-08-23 17:59:11,728,178.8,8514,7966,3730,4541,1,0
2026-08-23 17:59:12,729,172.09,8618,7787,3750,4655,1,0
2026-08-23 17:59:12,730,190.5,8647,8024,3807,4713,1,0
2026-08-23 17:59:12,731,184.45,8487,8062,3539,4580,1,0
2026-08-23 17:59:12,732,172.5,8530,8012,3534,4542,1,0
2026-08-23 17:59:13,733,182.3,8663,7857,3603,4517,1,0
2026-08-23 17:59:13,734,191.63,8960,8201,3465,4664,1,0
2026-08-23 17:59:13,735,191.28,8839,7882,3513,4690,1,0
2026-08-23 17:59:13,736,189.68,8938,8011,3508,4720,1,0
2026-08-23 17:59:13,737,166.17,8666,8054,3513,4803,1,0
2026-08-23 17:59:14,738,169.66,8897,8325,3305,4684,1,0
2026-08-23 17:59:14,739,178.46,8585,8049,3414,4635,1,0
2026-08-23 17:59:14,740,166.43,8606,8306,3228,4690,1,0
2026-08-23 17:59:14,741,171.23,8515,8087,3271,4633,1,0
2026-08-23 17:59:14,742,168.81,8342,8061,3204,4647,1,0
2026-08-23 17:59:15,743,175.52,8316,7936,3316,4651,1,0
2026-08-23 17:59:15,744,169.14,8218,8046,3282,4545,1,0
2026-08-23 17:59:15,745,169.94,8248,8476,3223,4572,2,0
2026-08-23 17:59:15,746,185.05,8111,8444,3235,4562,2,0
2026-08-23 17:59:15,747,183.65,8176,8348,3099,4573,2,0
2026-08-23 17:59:16,748,168.01,8217,8375,3342,4560,2,0
2026-08-23 17:59:16,749,191.9,8086,8267,3070,4627,2,0
2026-08-23 17:59:16,750,172.31,8044,8595,3017,4577,2,0
2026-08-23 17:59:16,751,174.77,8092,8545,2997,4625,2,0
2026-08-23 17:59:16,752,179.57,7913,8476,2984,4581,2,0
2026-08-23 17:59:17,753,177.36,7790,8575,2833,4475,2,0
2026-08-23 17:59:17,754,174.1,7881,8537,2862,4600,2,0
2026-08-23 17:59:17,755,156.04,7701,8476,2837,4550,2,0
2026-08-23 17:59:17,756,164.22,7594,8435,2849,4563,2,0
2026-08-23 17:59:17,757,178.25,7631,8372,2927,4493,2,0
2026-08-23 17:59:18,758,165.94,7620,8213,2859,4622,2,0
2026-08-23 17:59:18,759,173.74,7708,8183,2884,4460,2,0
2026-08-23 17:59:18,760,175.34,7690,8317,2957,4484,2,0
2026-08-23 17:59:18,761,180.87,7478,8478,2971,4511,2,0
2026-08-23 17:59:18,762,174.2,7495,8276,2933,4460,2,0
2026-08-23 17:59:19,763,174.94,7642,8437,3004,4440,2,0
2026-08-23 17:59:19,764,177.59,7619,8208,2908,4357,2,0
2026-08-23 17:59:19,765,184.64,7562,8247,3033,4351,2,0
2026-08-23 17:59:19,766,190.01,7722,8130,2959,4385,2,0
2026-08-23 17:59:20,767,185.64,7586,7814,2966,4397,2,0
2026-08-23 17:59:20,768,178.18,7399,8112,3177,4390,2,0
2026-08-23 17:59:20,769,176.23,7379,8043,3064,4466,2,0
2026-08-23 17:59:20,770,180.76,7439,8276,3102,4465,2,0
2026-08-23 17:59:20,771,165.99,7414,8227,3102,4363,2,0
2026-08-23 17:59:21,772,179.09,7447,8094,3225,4252,2,0
2026-08-23 17:59:21,773,166.2,7522,7988,3287,4313,2,0
2026-08-23 17:59:21,774,186.11,7645,8351,3207,4268,2,0
2026-08-23 17:59:21,775,174.87,7474,7898,3298,4238,2,0
2026-08-23 17:59:21,776,173.13,7501,8111,3166,4286,2,0
2026-08-23 17:59:22,777,168.28,7428,7973,3197,4297,2,0
2026-08-23 17:59:22,778,185.12,7468,8032,3105,4365,2,0
2026-08-23 17:59:22,779,172.8,7521,7621,3155,4468,2,0
2026-08-23 17:59:22,780,178.46,7412,7779,3219,4395,2,0
2026-08-23 17:59:22,781,166.24,7369,7808,2931,4371,2,0
2026-08-23 17:59:23,782,170.07,7465,7710,3012,4267,2,0
2026-08-23 17:59:23,783,173.97,7397,7667,2838,4290,2,0
2026-08-23 17:59:23,784,188.09,7235,7846,2986,4311,2,0
2026-08-23 17:59:23,785,214.56,7253,7926,2999,4337,2,0
2026-08-23 17:59:24,786,199.91,7311,7933,2911,4293,2,0
2026-08-23 17:59:24,787,218.26,7245,7668,3033,4335,2,0
2026-08-23 17:59:24,788,232.57,7052,7633,2920,4267,2,0
2026-08-23 17:59:24,789,224.5,7101,7711,2987,4229,2,0
2026-08-23 17:59:25,790,211.35,7067,7848,3088,4230,2,0
2026-08-23 17:59:25,791,188.57,6884,7621,2979,4301,2,0
2026-08-23 17:59:25,792,189.23,7046,7597,2885,4230,2,0
2026-08-23 17:59:25,793,229.92,6852,7388,2926,4290,2,0
2026-08-23 17:59:25,794,216.03,6806,7484,2771,4263,2,0
2026-08-23 17:59:26,795,210.72,7105,7433,2931,4195,2,0
2026-08-23 17:59:26,796,199.82,6949,7397,2866,4173,2,0
2026-08-23 17:59:26,797,208.31,7118,7444,2916,4221,2,0
2026-08-23 17:59:26,798,206.57,7026,7158,2862,4132,2,0
2026-08-23 17:59:27,799,211.3,7037,7289,2918,4163,2,0
2026-08-23 17:59:27,800,188.03,6921,7357,2899,4128,2,0
2026-08-23 17:59:27,801,203.58,7145,7322,2851,4181,2,0
2026-08-23 17:59:27,802,183.72,7190,7463,2842,4084,2,0
2026-08-23 17:59:27,803,180.97,7138,7318,2902,4069,2,0
2026-08-23 17:59:28,804,186.16,7124,7433,2965,4055,2,0
2026-08-23 17:59:28,805,205.21,7030,7671,3064,4008,2,0
2026-08-23 17:59:28,806,199.07,6996,7495,2833,4078,2,0
2026-08-23 17:59:28,807,196.51,7189,7489,2987,4056,2,0
2026-08-23 17:59:29,808,185.89,7145,7540,2943,4013,2,0
2026-08-23 17:59:29,809,176.97,7203,7572,2960,3981,2,0
2026-08-23 17:59:29,810,181.75,7041,7525,2926,3995,2,0
2026-08-23 17:59:29,811,191.87,7122,7567,2958,4004,2,0
2026-08-23 17:59:29,812,192.08,6973,7570,2827,3973,2,0
2026-08-23 17:59:30,813,190.71,6961,7556,2901,3856,2,0
2026-08-23 17:59:30,814,189.8,6726,7393,2953,3852,2,0
2026-08-23 17:59:30,815,178.54,6819,7296,2861,3791,2,0
2026-08-23 17:59:30,816,189.46,6591,7321,2639,3761,2,0
2026-08-23 17:59:31,817,175.95,6457,7185,2846,3827,2,0
2026-08-23 17:59:31,818,168.5,6537,7006,2773,3808,2,0
2026-08-23 17:59:31,819,175.85,6415,7230,2758,3789,2,0
2026-08-23 17:59:31,820,180.48,6255,7320,2802,3793,2,0
2026-08-23 17:59:31,821,192.08,6496,7420,2910,3763,2,0
2026-08-23 17:59:32,822,207.4,6325,7335,2710,3824,2,0
2026-08-23 17:59:32,823,182.66,6172,7572,2816,3781,2,0
2026-08-23 17:59:32,824,180.7,6082,7360,2692,3712,2,0
2026-08-23 17:59:32,825,172.6,6173,7429,2681,3735,2,0
2026-08-23 17:59:32,826,183.11,6068,7501,2671,3737,2,0
2026-08-23 17:59:33,827,180.94,6046,7412,2589,3698,2,0
2026-08-23 17:59:33,828,203.18,5805,7498,2796,3655,2,0
2026-08-23 17:59:33,829,213.5,6029,7411,2723,3657,2,0
2026-08-23 17:59:33,830,226.69,5832,7501,2621,3653,2,0
2026-08-23 17:59:34,831,200.32,5918,7504,2572,3525,2,0
2026-08-23 17:59:34,832,214.32,5743,7370,2571,3551,2,0
2026-08-23 17:59:34,833,194.47,5772,7354,2473,3542,2,0
2026-08-23 17:59:34,834,204.35,5845,7203,2521,3471,2,0
2026-08-23 17:59:35,835,198.66,5850,7350,2488,3422,2,0
2026-08-23 17:59:35,836,225.97,5733,7126,2409,3376,2,0
2026-08-23 17:59:35,837,193.59,5761,7370,2553,3381,2,0
2026-08-23 17:59:35,838,200.1,5539,7037,2528,3266,2,0
2026-08-23 17:59:35,839,203.62,5687,7213,2513,3305,2,0
2026-08-23 17:59:36,840,180.81,5621,7117,2568,3316,2,0
2026-08-23 17:59:36,841,181.01,5669,6975,2495,3237,2,0
2026-08-23 17:59:36,842,184.96,5391,6919,2475,3119,2,0
2026-08-23 17:59:36,843,186.25,5543,7015,2516,3112,2,0
2026-08-23 17:59:37,844,191.04,5584,6709,2701,3058,2,0
2026-08-23 17:59:37,845,183.07,5319,7157,2775,3078,2,0
2026-08-23 17:59:37,846,190.26,5328,6889,2893,3063,2,0
2026-08-23 17:59:37,847,192.59,5523,6868,2876,3067,2,0
2026-08-23 17:59:37,848,187.08,5408,6535,2742,2970,2,0
2026-08-23 17:59:38,849,225.79,5321,6680,2752,3021,2,0
2026-08-23 17:59:38,850,209.38,5271,6422,2800,2997,2,0
2026-08-23 17:59:38,851,192.62,5359,6790,2804,2944,2,0
2026-08-23 17:59:38,852,204.81,5165,6785,2841,2969,2,0
2026-08-23 17:59:39,853,209.77,5229,6659,3037,2952,2,0
2026-08-23 17:59:39,854,198.42,5268,6740,2998,2976,2,0
2026-08-23 17:59:39,855,176.61,5302,6739,2944,2944,2,0
2026-08-23 17:59:39,856,188.43,5231,7064,3012,2979,2,0
2026-08-23 17:59:39,857,189.02,5203,6746,2882,2925,2,0
2026-08-23 17:59:40,858,176.5,5106,6697,3091,2910,2,0
2026-08-23 17:59:40,859,182.17,5125,6486,3146,2842,2,0
2026-08-23 17:59:40,860,201.25,5068,6525,3137,2731,2,0
2026-08-23 17:59:40,861,189.85,4970,6516,3206,2842,2,0
2026-08-23 17:59:41,862,203.41,4930,6544,3193,2730,2,0
2026-08-23 17:59:41,863,201.57,4894,6251,3175,2564,2,0
2026-08-23 17:59:41,864,219.41,4880,6380,3214,2604,2,0
2026-08-23 17:59:41,865,217.33,5009,6276,3079,2545,2,0
2026-08-23 17:59:41,866,206.55,4847,6284,3411,2446,2,0
2026-08-23 17:59:42,867,193.84,4810,6164,3232,2347,2,0
2026-08-23 17:59:42,868,194.11,4597,6229,3094,2342,2,0
2026-08-23 17:59:42,869,184.91,4582,6102,3085,2395,2,0
2026-08-23 17:59:42,870,165.22,4677,6317,3187,2379,2,0
2026-08-23 17:59:43,871,180.24,4485,6118,3273,2324,2,0
2026-08-23 17:59:43,872,194.28,4380,6000,3335,2310,2,0
2026-08-23 17:59:43,873,166.49,4446,5761,3251,2278,2,0
2026-08-23 17:59:43,874,178.9,4304,6028,3333,2267,2,0
2026-08-23 17:59:43,875,181.86,4143,5860,3198,2227,2,0
2026-08-23 17:59:44,876,184.92,4095,5850,3338,2188,2,0
2026-08-23 17:59:44,877,175.31,4156,5794,3348,2187,2,0
2026-08-23 17:59:44,878,170.64,4067,5760,3249,2127,2,0
2026-08-23 17:59:44,879,205.25,3863,5746,3275,2086,2,0
2026-08-23 17:59:44,880,203.65,3907,5723,3262,2180,2,0
2026-08-23 17:59:45,881,210.51,3927,5828,3284,2058,2,0
2026-08-23 17:59:45,882,198.83,3969,5578,3169,2123,2,0
2026-08-23 17:59:45,883,221.08,3753,5388,3044,1970,2,0
2026-08-23 17:59:45,884,204.27,3759,5641,3141,1948,2,0
2026-08-23 17:59:46,885,178.34,3652,5627,2935,1915,2,0
2026-08-23 17:59:46,886,170.46,3679,5477,3014,1983,2,0
2026-08-23 17:59:46,887,187.89,3562,5382,2916,1954,2,0
2026-08-23 17:59:46,888,179.61,3471,5504,3077,1898,2,0
2026-08-23 17:59:46,889,175.44,3485,5488,3010,2001,2,0
2026-08-23 17:59:47,890,174.01,3471,5353,2934,1924,2,0
2026-08-23 17:59:47,891,173.02,3431,5424,3096,1865,2,0
2026-08-23 17:59:47,892,176.91,3298,5625,3040,1978,2,0
2026-08-23 17:59:47,893,185.32,3190,5605,3146,1806,2,0
2026-08-23 17:59:47,894,167.06,2992,5569,3115,1912,2,0
2026-08-23 17:59:48,895,199.09,3085,5572,3116,1877,2,0
2026-08-23 17:59:48,896,175.82,3019,5260,2769,1802,2,0
2026-08-23 17:59:48,897,180.14,3024,5167,2854,1745,2,0
2026-08-23 17:59:48,898,179.63,2934,5275,2878,1743,2,0
2026-08-23 17:59:49,899,186.37,2860,5294,2824,1742,2,0
2026-08-23 17:59:49,900,173.86,2821,5240,2883,1682,2,0
2026-08-23 17:59:49,901,175.74,2641,5410,2944,1487,2,0
2026-08-23 17:59:49,902,176.09,2716,5402,2779,1757,2,0
2026-08-23 17:59:49,903,176.86,2837,5454,2896,1622,2,0
2026-08-23 17:59:50,904,171.81,2658,5268,3001,1679,2,0
2026-08-23 17:59:50,905,172.89,2604,5314,2830,1647,2,0
2026-08-23 17:59:50,906,164.17,2556,5214,2829,1785,2,0
2026-08-23 17:59:50,907,169.29,2586,5281,2863,1644,2,0
2026-08-23 17:59:50,908,175.92,2363,5334,2884,1740,2,0
2026-08-23 17:59:51,909,168.97,2376,5201,2733,1673,2,0
2026-08-23 17:59:51,910,191.03,2431,5278,2955,1847,2,0
2026-08-23 17:59:51,911,174.73,2315,5215,2878,1723,2,0
2026-08-23 17:59:51,912,176.39,2406,4984,3029,1639,2,0
2026-08-23 17:59:51,913,168.62,2241,5097,2960,1561,2,0
2026-08-23 17:59:52,914,170.8,2251,4824,3163,1598,2,0
2026-08-23 17:59:52,915,180.7,2167,4962,2964,1538,2,0
2026-08-23 17:59:52,916,180.81,2096,5111,3014,1572,2,0
2026-08-23 17:59:52,917,181.53,2040,4937,3022,1476,2,0
2026-08-23 17:59:52,918,188.42,2124,4763,2984,1554,2,0
2026-08-23 17:59:53,919,166.01,1972,4677,2908,1461,2,0
2026-08-23 17:59:53,920,169.36,1936,4857,2872,1459,2,0
2026-08-23 17:59:53,921,171.33,1929,4671,3061,1505,2,0
2026-08-23 17:59:53,922,161.65,1899,4705,3081,1537,2,0
2026-08-23 17:59:53,923,175.27,1743,4781,3204,1639,2,0
2026-08-23 17:59:54,924,182.45,1723,4867,3030,1387,2,0
2026-08-23 17:59:54,925,187.18,1759,4676,2882,1297,2,0
2026-08-23 17:59:54,926,180.48,1693,4682,3063,1325,2,0
2026-08-23 17:59:54,927,184.03,1685,4474,3160,1311,2,0
2026-08-23 17:59:55,928,191.13,1624,4488,2972,1162,2,0
2026-08-23 17:59:55,929,177.34,1600,4353,3149,1154,2,0
2026-08-23 17:59:55,930,182.18,1512,4268,3062,1195,2,0
2026-08-23 17:59:55,931,189.48,1520,4235,3199,1254,2,0
2026-08-23 17:59:55,932,186.86,1479,4135,2954,1174,2,0
2026-08-23 17:59:56,933,183.52,1466,3986,2922,1332,2,0
2026-08-23 17:59:56,934,181.82,1457,3871,2996,1311,2,0
2026-08-23 17:59:56,935,194.4,1371,4021,3053,1261,2,0
2026-08-23 17:59:56,936,210.72,1355,3809,2925,1233,2,0
2026-08-23 17:59:57,937,197.79,1355,3985,2937,1245,2,0
2026-08-23 17:59:57,938,183.94,1312,3898,3029,1283,2,0
2026-08-23 17:59:57,939,188.59,1411,3818,3117,1338,2,0
2026-08-23 17:59:57,940,200.71,1331,3815,3092,1228,2,0
2026-08-23 17:59:57,941,189.14,1319,3777,2988,1225,2,0
2026-08-23 17:59:58,942,197.65,1285,3649,3111,1381,2,0
2026-08-23 17:59:58,943,209.88,1290,3616,2997,1300,2,0
2026-08-23 17:59:58,944,190.39,1235,3449,3011,1187,2,0
2026-08-23 17:59:58,945,209.82,1220,3379,2970,1170,2,0
2026-08-23 17:59:59,946,208.76,1181,3269,3076,1261,2,0
2026-08-23 17:59:59,947,183.07,1168,3322,2970,1173,2,0
2026-08-23 17:59:59,948,182.12,1157,3358,2998,1140,2,0
2026-08-23 17:59:59,949,170.42,1138,3331,3034,1137,2,0
2026-08-23 17:59:59,950,191.68,1137,3353,2901,1208,2,0
2026-08-23 18:00:00,951,180.76,1154,3356,3106,1169,2,0
2026-08-23 18:00:00,952,181.84,1050,3347,2896,1231,2,0
2026-08-23 18:00:00,953,168.47,1023,3199,2982,1093,2,0
2026-08-23 18:00:00,954,188.04,938,3337,3135,1107,2,0
2026-08-23 18:00:00,955,188.29,1000,3210,2947,1064,2,0
2026-08-23 18:00:01,956,191.96,970,2973,3048,982,3,0
2026-08-23 18:00:01,957,195.3,987,3011,2828,969,2,0
2026-08-23 18:00:01,958,183.94,969,3063,2988,971,2,0
2026-08-23 18:00:01,959,203.77,939,3028,3016,961,2,0
2026-08-23 18:00:02,960,189.61,962,3121,2970,897,2,0
2026-08-23 18:00:02,961,186.43,906,2899,2885,874,2,0
2026-08-23 18:00:02,962,179.27,857,3007,2894,838,2,0
2026-08-23 18:00:02,963,184.2,839,2776,2684,851,2,0
2026-08-23 18:00:02,964,185.19,899,2944,2813,846,2,0
2026-08-23 18:00:03,965,188.94,899,2786,2837,805,3,0
2026-08-23 18:00:03,966,182.14,876,2891,2762,778,2,0
2026-08-23 18:00:03,967,200.25,810,2817,2836,749,3,0
2026-08-23 18:00:03,968,174.65,819,2715,2846,730,3,0
2026-08-23 18:00:03,969,186.12,800,2530,2840,759,3,0
2026-08-23 18:00:04,970,189.73,764,2567,2858,705,3,0
2026-08-23 18:00:04,971,181.03,815,2509,2786,605,3,0
2026-08-23 18:00:04,972,184.48,674,2435,2743,580,3,0
2026-08-23 18:00:04,973,199.16,712,2597,2804,561,3,0
2026-08-23 18:00:05,974,202.65,724,2482,2736,521,3,0
2026-08-23 18:00:05,975,194.71,782,2465,2659,518,3,0
2026-08-23 18:00:05,976,193.31,730,2603,2787,507,3,0
2026-08-23 18:00:05,977,206.94,703,2505,2569,508,3,0
2026-08-23 18:00:05,978,219.29,726,2448,2652,541,3,0
2026-08-23 18:00:06,979,203.1,733,2629,2593,433,2,0
2026-08-23 18:00:06,980,194.91,734,2790,2649,437,2,0
2026-08-23 18:00:06,981,198.92,725,2734,2677,487,2,0
2026-08-23 18:00:06,982,196.82,689,2557,2691,559,3,0
2026-08-23 18:00:07,983,205.42,687,2534,2626,453,3,0
2026-08-23 18:00:07,984,201.83,636,2547,2651,533,3,0
2026-08-23 18:00:07,985,197.45,636,2465,2660,451,3,0
2026-08-23 18:00:07,986,194.95,654,2630,2778,557,3,0
2026-08-23 18:00:08,987,226.44,640,2226,2796,528,3,0
2026-08-23 18:00:08,988,246.0,647,2170,2672,457,3,0
2026-08-23 18:00:08,989,240.12,643,2146,2727,577,3,0
2026-08-23 18:00:08,990,219.6,656,2114,2719,573,3,0
2026-08-23 18:00:09,991,191.19,634,1974,2661,540,3,0
2026-08-23 18:00:09,992,229.03,597,2081,2744,552,3,0
2026-08-23 18:00:09,993,216.25,628,2122,2704,544,3,0
2026-08-23 18:00:09,994,189.0,611,2050,2568,573,3,0
2026-08-23 18:00:09,995,182.48,628,2020,2547,562,3,0
2026-08-23 18:00:10,996,202.68,617,2023,2433,492,3,0
2026-08-23 18:00:10,997,203.8,608,2081,2517,568,3,0
2026-08-23 18:00:10,998,198.78,606,2078,2525,523,3,0
2026-08-23 18:00:10,999,216.45,580,2087,2449,404,3,0
2026-08-23 18:00:11,1000,221.26,566,2133,2423,469,3,0
2026-08-23 18:00:11,1001,202.6,529,1906,2407,509,3,0
2026-08-23 18:00:11,1002,193.66,526,1900,2602,457,3,0
2026-08-23 18:00:11,1003,231.07,531,1970,2400,506,3,0
2026-08-23 18:00:12,1004,230.92,505,1947,2301,558,3,0
2026-08-23 18:00:12,1005,206.66,483,1982,2492,598,3,0
2026-08-23 18:00:12,1006,198.95,457,2049,2487,598,3,0
2026-08-23 18:00:12,1007,193.58,481,1719,2350,582,3,0
2026-08-23 18:00:13,1008,199.17,469,1887,2351,588,3,0
2026-08-23 18:00:13,1009,194.05,390,1805,2376,622,3,0
2026-08-23 18:00:13,1010,204.37,439,1769,2317,709,3,0
2026-08-23 18:00:13,1011,199.93,428,1776,2247,712,3,0
2026-08-23 18:00:13,1012,215.44,452,1691,2296,727,3,0
2026-08-23 18:00:14,1013,187.8,437,1664,2286,737,3,0
2026-08-23 18:00:14,1014,212.55,413,1663,2358,728,3,0
2026-08-23 18:00:14,1015,206.57,418,1677,2310,733,3,0
2026-08-23 18:00:14,1016,203.17,430,1707,2279,766,3,0
2026-08-23 18:00:15,1017,197.16,432,1681,2291,738,3,0
2026-08-23 18:00:15,1018,177.83,422,1722,2443,745,3,0
2026-08-23 18:00:15,1019,178.44,429,1660,2397,757,3,0
2026-08-23 18:00:15,1020,188.31,432,1732,2401,767,3,0
2026-08-23 18:00:15,1021,192.42,425,1634,2335,752,3,0
2026-08-23 18:00:16,1022,184.42,460,1738,2335,740,3,0
2026-08-23 18:00:16,1023,179.95,478,1641,2231,656,3,0
2026-08-23 18:00:16,1024,175.9,454,1635,2278,685,3,0
2026-08-23 18:00:16,1025,177.76,485,1513,2337,662,3,0
2026-08-23 18:00:16,1026,205.26,486,1508,2261,658,3,0
2026-08-23 18:00:17,1027,201.43,459,1469,2135,681,3,0
2026-08-23 18:00:17,1028,186.95,466,1493,2229,660,3,0
2026-08-23 18:00:17,1029,183.02,526,1454,2215,699,3,0
2026-08-23 18:00:17,1030,178.66,500,1479,2196,660,3,0
2026-08-23 18:00:18,1031,189.14,471,1375,2287,673,3,0
2026-08-23 18:00:18,1032,182.66,512,1392,2055,667,3,0
2026-08-23 18:00:18,1033,186.24,532,1293,2144,656,3,0
2026-08-23 18:00:18,1034,185.74,535,1307,2126,655,3,0
2026-08-23 18:00:18,1035,198.71,539,1295,2109,645,3,0
2026-08-23 18:00:19,1036,200.33,528,1304,2044,645,3,0
2026-08-23 18:00:19,1037,195.03,536,1280,2035,667,3,0
2026-08-23 18:00:19,1038,192.45,556,1245,2121,656,3,0
2026-08-23 18:00:19,1039,196.03,559,1183,1966,634,3,0
2026-08-23 18:00:20,1040,217.56,529,1218,2013,692,3,0
2026-08-23 18:00:20,1041,209.51,548,1207,1852,631,3,0
2026-08-23 18:00:20,1042,188.04,567,1167,2016,609,3,0
2026-08-23 18:00:20,1043,170.52,558,1120,1964,590,3,0
2026-08-23 18:00:20,1044,169.13,574,1170,1920,647,3,0
2026-08-23 18:00:21,1045,167.67,558,1198,1956,614,3,0
2026-08-23 18:00:21,1046,194.65,549,1140,1934,632,3,0
2026-08-23 18:00:21,1047,212.03,594,1123,1970,640,3,0
2026-08-23 18:00:21,1048,216.87,601,1213,2007,657,3,0
2026-08-23 18:00:22,1049,218.86,600,1059,1911,744,3,0
2026-08-23 18:00:22,1050,201.22,619,1105,2117,688,3,0
2026-08-23 18:00:22,1051,256.95,611,1006,1991,695,3,0
2026-08-23 18:00:22,1052,264.18,628,1128,2069,762,3,0
2026-08-23 18:00:23,1053,213.22,643,1072,1965,831,3,0
2026-08-23 18:00:23,1054,230.63,646,978,1946,834,3,0
2026-08-23 18:00:23,1055,202.81,642,850,2004,751,3,0
2026-08-23 18:00:23,1056,176.15,652,939,1995,793,3,0
2026-08-23 18:00:24,1057,203.54,651,906,2085,865,3,0
2026-08-23 18:00:24,1058,191.71,644,869,2153,803,3,0
2026-08-23 18:00:24,1059,200.96,657,869,2054,833,3,0
2026-08-23 18:00:24,1060,194.66,648,809,2142,873,3,0
2026-08-23 18:00:24,1061,211.08,649,894,2076,788,3,0
2026-08-23 18:00:25,1062,226.63,647,878,2131,803,3,0
2026-08-23 18:00:25,1063,197.21,671,778,2099,830,3,0
2026-08-23 18:00:25,1064,200.61,655,832,2019,737,3,0
2026-08-23 18:00:25,1065,197.77,648,661,2092,854,3,0
2026-08-23 18:00:26,1066,189.18,651,750,2028,826,3,0
2026-08-23 18:00:26,1067,169.69,677,761,1908,878,3,0
2026-08-23 18:00:26,1068,219.17,678,647,1971,718,3,0
2026-08-23 18:00:26,1069,227.4,656,672,1944,684,3,0
2026-08-23 18:00:27,1070,204.37,644,581,2119,742,3,0
2026-08-23 18:00:27,1071,206.74,669,511,2063,744,3,0
2026-08-23 18:00:27,1072,211.42,672,486,1975,728,3,0
2026-08-23 18:00:27,1073,192.83,676,516,1965,709,3,0
2026-08-23 18:00:27,1074,183.25,676,475,1963,733,3,0
2026-08-23 18:00:28,1075,184.31,685,555,2038,796,3,0
2026-08-23 18:00:28,1076,183.16,669,436,1959,795,3,0
2026-08-23 18:00:28,1077,185.98,690,448,1916,741,3,0
2026-08-23 18:00:28,1078,195.1,634,471,1942,815,3,0
2026-08-23 18:00:28,1079,204.03,661,474,2101,756,3,0
2026-08-23 18:00:29,1080,214.18,704,415,2032,806,3,0
2026-08-23 18:00:29,1081,188.63,685,371,2085,784,3,0
2026-08-23 18:00:29,1082,195.73,707,342,2059,777,3,0
2026-08-23 18:00:29,1083,219.91,655,289,1948,794,3,0
2026-08-23 18:00:30,1084,203.89,680,304,2217,739,3,0
2026-08-23 18:00:30,1085,222.15,3587,4226,4246,2678,3,0
2026-08-23 18:00:30,1086,189.69,3617,4155,4256,2709,3,0
2026-08-23 18:00:30,1087,211.12,3568,4012,4183,2721,3,0
2026-08-23 18:00:31,1088,196.13,3598,3927,4115,2687,3,0
2026-08-23 18:00:31,1089,192.64,3536,3643,4112,2734,3,0
2026-08-23 18:00:31,1090,180.11,3622,3518,4081,2686,3,0
2026-08-23 18:00:31,1091,181.04,3557,3538,4074,2674,3,0
2026-08-23 18:00:31,1092,182.73,3524,3435,4064,2676,3,0
2026-08-23 18:00:32,1093,177.38,3445,3372,3966,2686,3,0
2026-08-23 18:00:32,1094,193.79,3509,3315,3959,2672,3,0
2026-08-23 18:00:32,1095,178.85,3452,3191,4031,2706,3,0
2026-08-23 18:00:32,1096,197.29,3362,3151,4020,2721,3,0
2026-08-23 18:00:32,1097,178.69,3341,3049,3839,2666,3,0
2026-08-23 18:00:33,1098,198.12,3359,3173,3963,2659,3,0
2026-08-23 18:00:33,1099,194.34,3316,3019,3909,2663,3,0
2026-08-23 18:00:33,1100,194.53,3333,3097,3788,2702,3,0
2026-08-23 18:00:33,1101,200.71,3334,2884,3703,2620,3,0
2026-08-23 18:00:34,1102,196.19,3176,2586,3706,2617,3,0
2026-08-23 18:00:34,1103,213.21,3234,2541,3805,2651,3,0
2026-08-23 18:00:34,1104,229.68,3323,2478,3912,2710,3,0
2026-08-23 18:00:34,1105,211.01,3323,2444,3943,2701,3,0
2026-08-23 18:00:35,1106,199.59,3164,2501,3634,2562,3,0
2026-08-23 18:00:35,1107,179.0,3039,2544,3325,2336,3,0
2026-08-23 18:00:35,1108,191.87,2993,2514,3262,2317,3,0
2026-08-23 18:00:35,1109,195.04,3087,2491,3297,2309,3,0
2026-08-23 18:00:35,1110,187.9,3032,2412,3318,2325,3,0
2026-08-23 18:00:36,1111,191.96,3140,2422,3234,2354,3,0
2026-08-23 18:00:36,1112,183.01,3150,2405,3345,2408,3,0
2026-08-23 18:00:36,1113,192.04,3245,2475,3314,2464,3,0
2026-08-23 18:00:36,1114,199.08,3240,2560,3413,2388,3,0
2026-08-23 18:00:37,1115,190.51,3278,2643,3414,2400,3,0
2026-08-23 18:00:37,1116,180.92,3350,2707,3412,2464,3,0
2026-08-23 18:00:37,1117,188.8,3358,2743,3444,2508,3,0
2026-08-23 18:00:37,1118,192.67,3453,2628,3423,2519,1,0
2026-08-23 18:00:37,1119,180.93,3723,2625,3391,2493,1,0
2026-08-23 18:00:38,1120,183.92,3758,2662,3391,2542,1,0
2026-08-23 18:00:38,1121,215.87,3621,2679,3541,2558,1,0
2026-08-23 18:00:38,1122,199.76,3749,2616,3405,2541,1,0
2026-08-23 18:00:38,1123,187.52,3862,2670,3398,2548,1,0
2026-08-23 18:00:39,1124,187.2,3737,2617,3502,2585,1,0
2026-08-23 18:00:39,1125,182.86,3837,2706,3401,2655,1,0
2026-08-23 18:00:39,1126,195.89,3930,2734,3364,2687,1,0
2026-08-23 18:00:39,1127,180.16,4011,2906,3337,2662,1,0
2026-08-23 18:00:39,1128,170.07,3982,2891,3389,2657,1,0
2026-08-23 18:00:40,1129,186.53,4031,2691,3374,2663,1,0
2026-08-23 18:00:40,1130,183.31,4140,2824,3422,2654,1,0
2026-08-23 18:00:40,1131,177.6,4238,2777,3318,2672,1,0
2026-08-23 18:00:40,1132,188.25,4349,2573,3445,2699,1,0
2026-08-23 18:00:40,1133,183.99,4268,2691,3432,2664,1,0
2026-08-23 18:00:41,1134,186.06,4144,2619,3437,2610,1,0
2026-08-23 18:00:41,1135,206.23,4365,2806,3518,2693,1,0
2026-08-23 18:00:41,1136,188.55,4416,2939,3725,2700,1,0
2026-08-23 18:00:41,1137,179.96,4479,2945,3572,2625,1,0
2026-08-23 18:00:42,1138,192.46,4451,2903,3592,2691,1,0
2026-08-23 18:00:42,1139,197.41,4356,3080,3493,2737,1,0
2026-08-23 18:00:42,1140,185.64,4392,3112,3576,2745,1,0
2026-08-23 18:00:42,1141,192.5,4391,3048,3581,2771,1,0
2026-08-23 18:00:42,1142,178.0,4484,2920,3653,2787,1,0
2026-08-23 18:00:43,1143,187.67,4523,2983,3625,2745,1,0
2026-08-23 18:00:43,1144,198.02,4611,3034,3598,2731,1,0
2026-08-23 18:00:43,1145,187.44,4629,3077,3675,2779,1,0
2026-08-23 18:00:43,1146,184.61,4727,3092,3641,2743,1,0
2026-08-23 18:00:43,1147,180.9,4727,3180,3731,2769,1,0
2026-08-23 18:00:44,1148,200.34,4883,3277,3737,2778,1,0
2026-08-23 18:00:44,1149,178.71,4847,3230,3703,2777,1,0
2026-08-23 18:00:44,1150,174.37,4934,3298,3752,2851,1,0
2026-08-23 18:00:44,1151,187.07,5028,3217,3623,2869,1,0
2026-08-23 18:00:45,1152,203.06,4964,3379,3633,2925,1,0
2026-08-23 18:00:45,1153,193.54,4910,3301,3760,2919,1,0
2026-08-23 18:00:45,1154,215.54,4954,3270,3625,3007,1,0
2026-08-23 18:00:45,1155,201.29,4926,3476,3640,3039,1,0
2026-08-23 18:00:45,1156,180.93,5067,3503,3613,3023,1,0
2026-08-23 18:00:46,1157,186.94,5080,3483,3676,2957,1,0
2026-08-23 18:00:46,1158,203.98,5255,3541,3754,2969,1,0
2026-08-23 18:00:46,1159,202.06,5168,3518,3675,2958,1,0
2026-08-23 18:00:46,1160,178.8,5327,3665,3546,2982,1,0
2026-08-23 18:00:47,1161,191.14,5494,3509,3820,2945,1,0
2026-08-23 18:00:47,1162,188.21,5455,3717,3610,2977,1,0
2026-08-23 18:00:47,1163,193.14,5531,3720,3682,3022,1,0
2026-08-23 18:00:47,1164,179.28,5635,3598,3473,2985,1,0
2026-08-23 18:00:47,1165,169.64,5822,3635,3494,3068,1,0
2026-08-23 18:00:48,1166,194.37,5716,3797,3493,3050,1,0
2026-08-23 18:00:48,1167,183.55,5789,3719,3584,2956,1,0
2026-08-23 18:00:48,1168,203.89,5632,3761,3622,2962,1,0
2026-08-23 18:00:48,1169,194.26,5780,3977,3654,3057,1,0
2026-08-23 18:00:49,1170,187.27,5607,3976,3596,3126,1,0
2026-08-23 18:00:49,1171,177.55,5818,3913,3554,3108,1,0
2026-08-23 18:00:49,1172,176.93,5824,4055,3624,3195,1,0
2026-08-23 18:00:49,1173,188.03,5699,4065,3575,3225,1,0
2026-08-23 18:00:49,1174,189.65,6046,4409,3516,3194,1,0
2026-08-23 18:00:50,1175,170.28,5992,4364,3576,3215,1,0
2026-08-23 18:00:50,1176,174.32,6093,4482,3571,3255,1,0
2026-08-23 18:00:50,1177,195.57,6209,4478,3471,3247,1,0
2026-08-23 18:00:50,1178,182.28,6321,4378,3669,3255,1,0
2026-08-23 18:00:50,1179,188.3,6295,4376,3492,3275,1,0
2026-08-23 18:00:51,1180,191.96,6272,4508,3767,3321,1,0
2026-08-23 18:00:51,1181,191.42,6232,4669,3627,3227,1,0
2026-08-23 18:00:51,1182,180.07,6251,4979,3561,3211,1,0
2026-08-23 18:00:51,1183,172.73,6224,4774,3536,3290,1,0
2026-08-23 18:00:52,1184,208.78,6334,4964,3550,3354,1,0
2026-08-23 18:00:52,1185,192.85,6438,5131,3568,3352,1,0
2026-08-23 18:00:52,1186,192.05,6432,5057,3639,3276,1,0
2026-08-23 18:00:52,1187,182.64,6557,5153,3605,3288,1,0
2026-08-23 18:00:52,1188,188.36,6654,4881,3684,3332,1,0
2026-08-23 18:00:53,1189,180.74,6694,4978,3765,3277,1,0
2026-08-23 18:00:53,1190,179.07,6684,4911,3742,3245,1,0
2026-08-23 18:00:53,1191,187.35,6627,4970,3840,3284,1,0
2026-08-23 18:00:53,1192,185.82,6770,5256,3822,3323,1,0
2026-08-23 18:00:53,1193,196.83,6786,5071,4030,3323,1,0
2026-08-23 18:00:54,1194,196.89,6717,5112,3925,3326,1,0
2026-08-23 18:00:54,1195,198.61,6917,5034,3950,3337,1,0
2026-08-23 18:00:54,1196,194.44,7045,5081,4004,3374,1,0
2026-08-23 18:00:54,1197,186.84,7028,4911,3979,3383,1,0
2026-08-23 18:00:55,1198,186.79,7095,4776,3885,3355,1,0
2026-08-23 18:00:55,1199,187.77,7215,4833,4049,3387,1,0
2026-08-23 18:00:55,1200,199.7,7181,4905,4059,3424,1,0
2026-08-23 18:00:55,1201,184.26,7348,4704,4025,3392,1,0
2026-08-23 18:00:55,1202,190.64,7388,4619,4062,3374,1,0
2026-08-23 18:00:56,1203,188.74,7361,4723,4264,3430,1,0
2026-08-23 18:00:56,1204,191.92,7699,4848,4234,3404,1,0
2026-08-23 18:00:56,1205,181.31,7374,4690,4091,3470,1,0
2026-08-23 18:00:56,1206,187.91,7604,4767,4133,3513,1,0
2026-08-23 18:00:57,1207,191.97,7649,4833,4357,3574,1,0
2026-08-23 18:00:57,1208,203.95,7588,4943,4125,3630,1,0
2026-08-23 18:00:57,1209,188.17,7925,4769,4154,3608,1,0
2026-08-23 18:00:57,1210,189.96,7882,5144,4086,3561,1,0
2026-08-23 18:00:57,1211,184.6,7802,5075,4110,3639,1,0
2026-08-23 18:00:58,1212,187.99,8082,4988,4192,3661,1,0
2026-08-23 18:00:58,1213,192.66,7869,4983,4143,3616,1,0
2026-08-23 18:00:58,1214,191.33,8150,4961,4167,3632,1,0
2026-08-23 18:00:58,1215,193.55,8237,5058,4387,3649,1,0
2026-08-23 18:00:59,1216,184.04,8414,5044,4206,3742,1,0
2026-08-23 18:00:59,1217,180.62,8418,5082,4209,3790,1,0
2026-08-23 18:00:59,1218,182.97,8505,5120,4156,3826,1,0
2026-08-23 18:00:59,1219,177.25,8375,5262,4184,3876,1,0
2026-08-23 18:00:59,1220,205.26,8488,5186,4035,3807,1,0
2026-08-23 18:01:00,1221,216.06,8540,5146,4035,3939,1,0
2026-08-23 18:01:00,1222,177.92,8687,5505,4029,3851,1,0
2026-08-23 18:01:00,1223,200.44,8790,5558,4095,3845,1,0
2026-08-23 18:01:00,1224,176.8,8756,5686,4041,3983,1,0
2026-08-23 18:01:00,1225,177.96,8841,5693,3946,3953,1,0
2026-08-23 18:01:01,1226,201.69,8873,5897,4114,3842,1,0
2026-08-23 18:01:01,1227,209.38,8777,5675,4064,3939,1,0
2026-08-23 18:01:01,1228,185.61,8726,5693,3988,4067,1,0
2026-08-23 18:01:01,1229,199.76,8570,5696,3810,4099,1,0
2026-08-23 18:01:02,1230,180.14,8667,5786,3942,4114,1,0
2026-08-23 18:01:02,1231,179.31,8627,5920,3828,4050,1,0
2026-08-23 18:01:02,1232,202.41,8494,6128,3816,4152,1,0
2026-08-23 18:01:02,1233,182.46,8538,6162,3665,4181,1,0
2026-08-23 18:01:02,1234,181.42,8602,6105,3816,4184,1,0
2026-08-23 18:01:03,1235,167.34,8453,6095,3674,4150,1,0
2026-08-23 18:01:03,1236,179.73,8299,6290,3527,4232,1,0
2026-08-23 18:01:03,1237,183.43,8290,6368,3581,4415,1,0
2026-08-23 18:01:03,1238,205.71,8368,6253,3554,4258,1,0
2026-08-23 18:01:04,1239,189.98,8201,6297,3631,4299,1,0
2026-08-23 18:01:04,1240,179.06,8137,6340,3520,4266,1,0
2026-08-23 18:01:04,1241,208.88,8227,6733,3460,4455,1,0
2026-08-23 18:01:04,1242,190.42,8070,6565,3455,4400,1,0
2026-08-23 18:01:04,1243,179.44,8171,6711,3560,4334,1,0
2026-08-23 18:01:05,1244,196.33,8282,6713,3583,4368,1,0
2026-08-23 18:01:05,1245,179.93,8491,6545,3594,4438,1,0
2026-08-23 18:01:05,1246,179.62,8459,6479,3613,4521,1,0
2026-08-23 18:01:05,1247,191.03,8173,6665,3533,4399,1,0
2026-08-23 18:01:05,1248,200.44,8483,6832,3590,4403,1,0
2026-08-23 18:01:06,1249,194.03,8394,6770,3660,4398,1,0
2026-08-23 18:01:06,1250,193.43,8413,7020,3603,4548,1,0
2026-08-23 18:01:06,1251,191.66,8341,7205,3479,4504,1,0
2026-08-23 18:01:06,1252,191.33,8251,7284,3559,4426,1,0
2026-08-23 18:01:07,1253,181.98,8645,7366,3550,4454,1,0
2026-08-23 18:01:07,1254,195.83,8582,7606,3467,4365,1,0
2026-08-23 18:01:07,1255,205.14,8640,7639,3341,4411,1,0
2026-08-23 18:01:07,1256,201.09,8581,7738,3600,4539,1,0
2026-08-23 18:01:08,1257,188.22,8601,7774,3417,4584,1,0
2026-08-23 18:01:08,1258,227.81,8731,7775,3467,4602,1,0
2026-08-23 18:01:08,1259,199.1,8805,7614,3441,4716,1,0
2026-08-23 18:01:08,1260,180.86,8895,7796,3458,4568,1,0
2026-08-23 18:01:08,1261,184.51,8576,7812,3313,4715,1,0
2026-08-23 18:01:09,1262,177.61,8655,7925,3407,4586,1,0
2026-08-23 18:01:09,1263,177.53,8643,8031,3472,4516,1,0
2026-08-23 18:01:09,1264,190.87,8776,8106,3389,4576,1,0
2026-08-23 18:01:09,1265,189.31,8593,8037,3450,4611,1,0
2026-08-23 18:01:09,1266,182.59,8577,7858,3436,4557,1,0
2026-08-23 18:01:10,1267,195.77,8615,7624,3548,4687,1,0
2026-08-23 18:01:10,1268,185.57,8641,7771,3523,4665,1,0
2026-08-23 18:01:10,1269,182.67,8680,7803,3438,4664,1,0
2026-08-23 18:01:10,1270,203.6,8465,8022,3486,4517,1,0
2026-08-23 18:01:11,1271,185.13,8596,7734,3444,4599,1,0
2026-08-23 18:01:11,1272,179.49,8565,8019,3433,4689,1,0
2026-08-23 18:01:11,1273,172.27,8492,8001,3271,4583,1,0
2026-08-23 18:01:11,1274,173.08,8480,7944,3248,4597,1,0
2026-08-23 18:01:11,1275,186.69,8682,7874,3329,4522,1,0
2026-08-23 18:01:12,1276,192.57,8766,8070,3202,4611,1,0
2026-08-23 18:01:12,1277,215.89,8738,7900,3393,4657,1,0
2026-08-23 18:01:12,1278,209.68,8795,8055,3212,4714,1,0
2026-08-23 18:01:12,1279,196.84,8596,7883,3088,4754,1,0
2026-08-23 18:01:13,1280,188.37,8847,8228,3044,4718,1,0
2026-08-23 18:01:13,1281,195.95,8444,7901,3070,4727,1,0
2026-08-23 18:01:13,1282,194.03,8562,8189,3083,4722,1,0
2026-08-23 18:01:13,1283,179.56,8507,7950,3132,4615,1,0
2026-08-23 18:01:13,1284,188.06,8320,8096,3195,4623,1,0
2026-08-23 18:01:14,1285,192.1,8287,7885,3194,4576,1,0
2026-08-23 18:01:14,1286,185.93,8133,8051,3126,4579,1,0
2026-08-23 18:01:14,1287,176.71,8186,8221,3142,4608,2,0
2026-08-23 18:01:14,1288,188.76,8097,8340,3136,4578,2,0
2026-08-23 18:01:14,1289,184.26,8041,8257,3046,4504,2,0
2026-08-23 18:01:15,1290,190.63,8152,8249,3020,4509,2,0
2026-08-23 18:01:15,1291,193.66,7978,8212,2873,4694,2,0
2026-08-23 18:01:15,1292,197.95,7899,8482,2932,4588,2,0
2026-08-23 18:01:15,1293,184.21,8079,8500,2921,4673,2,0
2026-08-23 18:01:16,1294,189.05,7920,8404,2881,4622,2,0
2026-08-23 18:01:16,1295,181.2,7805,8397,2795,4404,2,0
2026-08-23 18:01:16,1296,185.21,7782,8414,2829,4589,2,0
2026-08-23 18:01:16,1297,178.98,7685,8332,2695,4544,2,0
2026-08-23 18:01:16,1298,176.72,7534,8281,2856,4539,2,0
2026-08-23 18:01:17,1299,171.07,7587,8437,2864,4368,2,0
2026-08-23 18:01:17,1300,168.54,7661,8221,2845,4603,2,0
2026-08-23 18:01:17,1301,179.78,7651,8158,2777,4475,2,0
2026-08-23 18:01:17,1302,163.48,7641,8255,2796,4378,2,0
2026-08-23 18:01:17,1303,169.19,7404,8205,2870,4370,2,0
2026-08-23 18:01:18,1304,176.75,7502,8307,2866,4434,2,0
2026-08-23 18:01:18,1305,175.72,7615,8241,2911,4409,2,0
2026-08-23 18:01:18,1306,169.36,7676,8094,2831,4464,2,0
2026-08-23 18:01:18,1307,176.02,7585,8061,2936,4337,2,0
2026-08-23 18:01:18,1308,172.8,7648,8193,2903,4382,2,0
2026-08-23 18:01:19,1309,178.56,7467,7890,2720,4374,2,0
2026-08-23 18:01:19,1310,171.87,7299,8014,2922,4402,2,0
2026-08-23 18:01:19,1311,188.34,7342,8108,2906,4452,2,0
2026-08-23 18:01:19,1312,171.1,7363,8166,3013,4452,2,0
2026-08-23 18:01:19,1313,186.6,7410,8243,3098,4320,2,0
2026-08-23 18:01:20,1314,181.94,7371,7892,3178,4255,2,0
2026-08-23 18:01:20,1315,188.27,7522,7897,3215,4294,2,0
2026-08-23 18:01:20,1316,182.93,7509,8145,3118,4273,2,0
2026-08-23 18:01:20,1317,183.96,7432,7776,2948,4192,2,0
2026-08-23 18:01:21,1318,168.14,7440,8075,3036,4194,2,0
2026-08-23 18:01:21,1319,174.0,7335,8015,2931,4253,2,0
2026-08-23 18:01:21,1320,182.18,7357,7830,3013,4313,2,0
2026-08-23 18:01:21,1321,170.17,7333,7409,3051,4423,2,0
2026-08-23 18:01:21,1322,181.67,7310,7634,2983,4384,2,0
2026-08-23 18:01:22,1323,181.17,7214,7605,2777,4359,2,0
2026-08-23 18:01:22,1324,176.85,7364,7609,2837,4261,2,0
2026-08-23 18:01:22,1325,171.67,7224,7502,2741,4313,2,0
2026-08-23 18:01:22,1326,173.9,7190,7691,2891,4333,2,0
2026-08-23 18:01:22,1327,178.71,7120,7829,2845,4310,2,0
2026-08-23 18:01:23,1328,176.84,7160,7689,2768,4253,2,0
2026-08-23 18:01:23,1329,184.1,7131,7529,2718,4269,2,0
2026-08-23 18:01:23,1330,183.79,7014,7557,2812,4212,2,0
2026-08-23 18:01:23,1331,177.65,6999,7595,2775,4257,2,0
2026-08-23 18:01:23,1332,197.58,7067,7500,2843,4180,2,0
2026-08-23 18:01:24,1333,182.68,6775,7510,2697,4253,2,0
2026-08-23 18:01:24,1334,183.62,6938,7475,2752,4180,2,0
2026-08-23 18:01:24,1335,177.08,6842,7309,2743,4259,2,0
2026-08-23 18:01:24,1336,161.24,6769,7356,2737,4218,2,0
2026-08-23 18:01:24,1337,172.38,7018,7422,2805,4170,2,0
2026-08-23 18:01:25,1338,188.1,6896,7385,2680,4169,2,0
2026-08-23 18:01:25,1339,168.48,7066,7345,2831,4178,2,0
2026-08-23 18:01:25,1340,177.01,7001,7074,2875,4127,2,0
2026-08-23 18:01:25,1341,178.89,7005,7279,2850,4137,2,0
2026-08-23 18:01:25,1342,175.13,6800,7230,2947,4079,2,0
2026-08-23 18:01:26,1343,175.89,7066,7278,2922,4156,2,0
2026-08-23 18:01:26,1344,182.45,7027,7488,2822,4052,2,0
2026-08-23 18:01:26,1345,199.12,7027,7254,2846,4008,2,0
2026-08-23 18:01:26,1346,233.98,7074,7361,2789,4019,2,0
2026-08-23 18:01:27,1347,198.61,7024,7525,2895,4031,2,0
2026-08-23 18:01:27,1348,199.08,6966,7408,2814,4131,2,0
2026-08-23 18:01:27,1349,215.87,7163,7482,2875,4068,2,0
2026-08-23 18:01:27,1350,192.0,7074,7502,2928,4003,2,0
2026-08-23 18:01:28,1351,191.13,7087,7390,2875,4085,2,0
2026-08-23 18:01:28,1352,234.44,7010,7441,2851,3971,2,0
2026-08-23 18:01:28,1353,236.69,6999,7438,2770,3940,2,0
2026-08-23 18:01:28,1354,245.93,6952,7527,2766,3954,2,0
2026-08-23 18:01:29,1355,234.68,6957,7600,2824,3864,2,0
2026-08-23 18:01:29,1356,223.5,6715,7396,2803,3818,2,0
2026-08-23 18:01:29,1357,193.19,6759,7125,2784,3816,2,0
2026-08-23 18:01:29,1358,190.4,6571,7265,2690,3836,2,0
2026-08-23 18:01:30,1359,223.91,6468,7177,2872,3865,2,0
2026-08-23 18:01:30,1360,223.65,6495,7086,2772,3784,2,0
2026-08-23 18:01:30,1361,221.2,6443,7216,2578,3840,2,0
2026-08-23 18:01:30,1362,216.78,6266,7209,2646,3784,2,0
2026-08-23 18:01:31,1363,210.01,6470,7330,2806,3774,2,0
2026-08-23 18:01:31,1364,205.01,6227,7240,2585,3754,2,0
2026-08-23 18:01:31,1365,208.45,6121,7455,2683,3727,2,0
2026-08-23 18:01:31,1366,207.08,6023,7378,2552,3719,2,0
2026-08-23 18:01:31,1367,192.54,6113,7262,2714,3701,2,0
2026-08-23 18:01:32,1368,193.08,5993,7401,2631,3705,2,0
2026-08-23 18:01:32,1369,183.12,5905,7426,2501,3674,2,0
2026-08-23 18:01:32,1370,179.16,5783,7206,2608,3621,2,0
2026-08-23 18:01:32,1371,176.74,5971,7234,2770,3675,2,0
2026-08-23 18:01:33,1372,190.72,5878,7326,2546,3628,2,0
2026-08-23 18:01:33,1373,198.83,5876,7385,2627,3578,2,0
2026-08-23 18:01:33,1374,202.17,5743,7348,2592,3576,2,0
2026-08-23 18:01:33,1375,182.07,5721,7198,2441,3560,2,0
2026-08-23 18:01:33,1376,173.14,5766,7064,2493,3507,2,0
2026-08-23 18:01:34,1377,172.85,5797,7308,2450,3428,2,0
2026-08-23 18:01:34,1378,197.79,5729,6998,2257,3378,2,0
2026-08-23 18:01:34,1379,181.17,5745,7206,2449,3323,2,0
2026-08-23 18:01:34,1380,198.94,5480,6930,2402,3285,2,0
2026-08-23 18:01:34,1381,175.49,5637,7080,2454,3314,2,0
2026-08-23 18:01:35,1382,181.43,5622,7027,2473,3340,2,0
2026-08-23 18:01:35,1383,184.94,5646,6872,2535,3301,2,0
2026-08-23 18:01:35,1384,190.23,5368,6937,2454,3118,2,0
2026-08-23 18:01:35,1385,177.17,5468,7083,2439,3207,2,0
2026-08-23 18:01:36,1386,183.08,5514,6664,2526,3078,2,0
2026-08-23 18:01:36,1387,173.58,5238,6918,2809,3105,2,0
2026-08-23 18:01:36,1388,188.12,5271,6793,2768,3067,2,0
2026-08-23 18:01:36,1389,207.6,5470,6729,2762,3072,2,0
2026-08-23 18:01:36,1390,188.81,5413,6494,2684,3011,2,0
2026-08-23 18:01:37,1391,198.32,5325,6629,2632,3030,2,0
2026-08-23 18:01:37,1392,210.7,5256,6397,2653,3040,2,0
2026-08-23 18:01:37,1393,192.51,5273,6723,2714,2979,2,0
2026-08-23 18:01:37,1394,183.04,5118,6675,2681,3023,2,0
2026-08-23 18:01:38,1395,192.96,5222,6505,2926,2946,2,0
2026-08-23 18:01:38,1396,217.57,5169,6590,2806,2925,2,0
2026-08-23 18:01:38,1397,204.94,5195,6629,2812,2885,2,0
2026-08-23 18:01:38,1398,196.37,5142,6829,2907,2846,2,0
2026-08-23 18:01:38,1399,205.02,5120,6673,2927,2862,2,0
2026-08-23 18:01:39,1400,187.93,5027,6491,2970,2858,2,0
2026-08-23 18:01:39,1401,200.17,5128,6561,2951,2861,2,0
2026-08-23 18:01:39,1402,186.42,5040,6440,2985,2769,2,0
2026-08-23 18:01:39,1403,193.41,4948,6393,2852,2844,2,0
2026-08-23 18:01:40,1404,195.1,4878,6386,2896,2750,2,0
2026-08-23 18:01:40,1405,193.36,4910,6422,2998,2612,2,0
2026-08-23 18:01:40,1406,209.33,4940,6289,3092,2620,2,0
2026-08-23 18:01:40,1407,175.86,5033,6437,3014,2561,2,0
2026-08-23 18:01:40,1408,191.2,4795,6294,3059,2461,2,0
2026-08-23 18:01:41,1409,194.16,4636,5983,3079,2371,2,0
2026-08-23 18:01:41,1410,185.95,4677,6166,3097,2348,2,0
2026-08-23 18:01:41,1411,195.66,4627,5992,3083,2393,2,0
2026-08-23 18:01:41,1412,181.14,4641,6107,3133,2350,2,0
2026-08-23 18:01:42,1413,185.81,4212,5929,3210,2326,2,0
2026-08-23 18:01:42,1414,187.38,4379,6024,3268,2266,2,0
2026-08-23 18:01:42,1415,175.14,4326,5710,3161,2279,2,0
2026-08-23 18:01:42,1416,176.6,4204,5960,3250,2267,2,0
2026-08-23 18:01:42,1417,194.46,4199,5655,3061,2221,2,0
2026-08-23 18:01:43,1418,183.32,4120,5795,3160,2134,2,0
2026-08-23 18:01:43,1419,191.77,4143,5583,3260,2162,2,0
2026-08-23 18:01:43,1420,200.24,4071,5598,3180,2095,2,0
2026-08-23 18:01:43,1421,186.82,3936,5707,3190,2095,2,0
2026-08-23 18:01:44,1422,178.69,3920,5482,3226,2188,2,0
2026-08-23 18:01:44,1423,188.58,4024,5650,3261,2077,2,0
2026-08-23 18:01:44,1424,191.91,3969,5555,3134,2120,2,0
2026-08-23 18:01:44,1425,183.08,3730,5441,3070,1983,2,0
2026-08-23 18:01:44,1426,177.4,3715,5661,3110,1986,2,0
2026-08-23 18:01:45,1427,185.83,3726,5541,2983,1976,2,0
2026-08-23 18:01:45,1428,190.77,3715,5420,3092,2007,2,0
2026-08-23 18:01:45,1429,181.89,3581,5362,2861,1944,2,0
2026-08-23 18:01:45,1430,188.46,3521,5603,3007,1872,2,0
2026-08-23 18:01:45,1431,184.15,3498,5310,2852,1951,2,0
2026-08-23 18:01:46,1432,185.62,3485,5459,2901,1895,2,0
2026-08-23 18:01:46,1433,196.15,3436,5289,3017,1885,2,0
2026-08-23 18:01:46,1434,198.1,3335,5415,2948,1949,2,0
2026-08-23 18:01:46,1435,193.31,3270,5395,3097,1771,2,0
2026-08-23 18:01:47,1436,178.29,3049,5381,3048,1854,2,0
2026-08-23 18:01:47,1437,204.77,3060,5286,2807,1794,2,0
2026-08-23 18:01:47,1438,183.88,3072,5185,2732,1719,2,0
2026-08-23 18:01:47,1439,185.0,3097,5182,2678,1698,2,0
2026-08-23 18:01:47,1440,195.06,2926,5005,2896,1758,2,0
2026-08-23 18:01:48,1441,205.05,2885,4971,2770,1732,2,0
2026-08-23 18:01:48,1442,189.38,2861,5012,2842,1694,2,0
2026-08-23 18:01:48,1443,195.35,2732,5015,2785,1535,2,0
2026-08-23 18:01:48,1444,194.29,2769,5007,2829,1818,2,0
2026-08-23 18:01:48,1445,185.01,2793,5222,2845,1594,2,0
2026-08-23 18:01:49,1446,187.13,2727,5054,2939,1562,2,0
2026-08-23 18:01:49,1447,194.31,2615,4961,2793,1688,2,0
2026-08-23 18:01:49,1448,195.83,2489,5072,2880,1698,2,0
2026-08-23 18:01:49,1449,195.3,2540,5154,2840,1676,2,0
2026-08-23 18:01:50,1450,186.89,2371,5034,2771,1702,2,0
2026-08-23 18:01:50,1451,189.76,2395,5017,2691,1615,2,0
2026-08-23 18:01:50,1452,194.88,2399,5054,2976,1785,2,0
2026-08-23 18:01:50,1453,195.67,2310,4936,2813,1678,2,0
2026-08-23 18:01:50,1454,188.61,2320,4832,2890,1594,2,0
2026-08-23 18:01:51,1455,186.47,2219,4858,2820,1505,2,0
2026-08-23 18:01:51,1456,181.2,2246,4885,3161,1731,2,0
2026-08-23 18:01:51,1457,188.92,2180,4720,2928,1602,2,0
2026-08-23 18:01:51,1458,193.1,2058,4691,3034,1617,2,0
2026-08-23 18:01:52,1459,182.31,2058,4658,2886,1488,2,0
2026-08-23 18:01:52,1460,183.89,2026,4559,2779,1592,2,0
2026-08-23 18:01:52,1461,181.9,1974,4677,2812,1510,2,0
2026-08-23 18:01:52,1462,194.32,1912,4675,2685,1507,2,0
2026-08-23 18:01:52,1463,186.71,1872,4585,2867,1508,2,0
2026-08-23 18:01:53,1464,197.89,1924,4551,2896,1478,2,0
2026-08-23 18:01:53,1465,178.02,1766,4265,3076,1654,2,0
2026-08-23 18:01:53,1466,179.95,1750,4279,2862,1434,2,0
2026-08-23 18:01:53,1467,192.01,1799,4434,2736,1255,2,0
2026-08-23 18:01:53,1468,183.16,1721,4333,2940,1332,2,0
2026-08-23 18:01:54,1469,187.02,1690,4302,3011,1267,2,0
2026-08-23 18:01:54,1470,175.8,1637,4448,2911,1175,2,0
2026-08-23 18:01:54,1471,172.52,1599,4274,3019,1139,2,0
2026-08-23 18:01:54,1472,184.58,1504,4242,2911,1280,2,0
2026-08-23 18:01:55,1473,184.96,1551,4162,2933,1303,2,0
2026-08-23 18:01:55,1474,173.47,1388,3920,2790,1163,2,0
2026-08-23 18:01:55,1475,185.6,1416,3655,2767,1273,2,0
2026-08-23 18:01:55,1476,200.23,1379,3761,2860,1226,2,0
2026-08-23 18:01:55,1477,185.3,1319,3790,2902,1234,2,0
2026-08-23 18:01:56,1478,185.27,1341,3640,2875,1232,2,0
2026-08-23 18:01:56,1479,208.22,1393,3757,2934,1235,2,0
2026-08-23 18:01:56,1480,188.23,1337,3626,2989,1198,2,0
2026-08-23 18:01:56,1481,176.88,1350,3516,3041,1339,2,0
2026-08-23 18:01:56,1482,180.96,1321,3590,2992,1198,2,0
2026-08-23 18:01:57,1483,180.07,1325,3448,2889,1149,2,0
2026-08-23 18:01:57,1484,184.56,1314,3444,2993,1290,2,0
2026-08-23 18:01:57,1485,187.43,1273,3351,2902,1221,2,0
2026-08-23 18:01:57,1486,188.6,1222,3416,2865,1167,2,0
2026-08-23 18:01:58,1487,183.24,1214,3482,2900,1242,2,0
2026-08-23 18:01:58,1488,181.12,1175,3251,2922,1192,2,0
2026-08-23 18:01:58,1489,184.54,1143,3247,2805,1066,2,0
2026-08-23 18:01:58,1490,183.58,1098,3291,2955,1126,2,0
2026-08-23 18:01:58,1491,186.11,1140,3231,3079,1120,2,0
2026-08-23 18:01:59,1492,202.54,1115,3241,2856,1091,2,0
2026-08-23 18:01:59,1493,202.16,1103,3248,3003,1128,2,0
2026-08-23 18:01:59,1494,195.73,1045,3168,2818,1182,2,0
2026-08-23 18:01:59,1495,185.95,1028,2921,2956,1035,3,0
2026-08-23 18:02:00,1496,203.15,972,2970,2990,1081,3,0
2026-08-23 18:02:00,1497,198.12,996,2987,2816,1055,2,0
2026-08-23 18:02:00,1498,192.76,959,2747,2943,931,3,0
2026-08-23 18:02:00,1499,191.27,941,2933,2648,958,2,0
2026-08-23 18:02:00,1500,201.68,953,3082,2919,954,2,0
2026-08-23 18:02:01,1501,188.35,914,3004,2776,892,2,0
2026-08-23 18:02:01,1502,193.5,929,2946,2747,832,2,0
2026-08-23 18:02:01,1503,185.04,875,2691,2790,825,3,0
2026-08-23 18:02:01,1504,192.9,841,2863,2766,811,2,0
2026-08-23 18:02:02,1505,190.34,896,2652,2557,817,2,0
2026-08-23 18:02:02,1506,184.71,911,2569,2682,789,3,0
2026-08-23 18:02:02,1507,181.2,865,2586,2672,776,3,0
2026-08-23 18:02:02,1508,192.29,874,2602,2727,750,3,0
2026-08-23 18:02:02,1509,191.96,813,2648,2704,735,3,0
2026-08-23 18:02:03,1510,187.23,848,2346,2676,742,3,0
2026-08-23 18:02:03,1511,195.32,800,2429,2647,759,3,0
2026-08-23 18:02:03,1512,181.38,802,2408,2652,682,3,0
2026-08-23 18:02:03,1513,184.49,801,2265,2590,555,3,0
2026-08-23 18:02:04,1514,180.91,689,2313,2640,555,3,0
2026-08-23 18:02:04,1515,176.45,741,2395,2726,523,3,0
2026-08-23 18:02:04,1516,188.63,698,2339,2608,502,3,0
2026-08-23 18:02:04,1517,202.82,766,2431,2560,523,3,0
2026-08-23 18:02:04,1518,190.1,708,2650,2778,514,3,0
2026-08-23 18:02:05,1519,189.59,708,2621,2601,508,2,0
2026-08-23 18:02:05,1520,187.26,688,2470,2627,529,3,0
2026-08-23 18:02:05,1521,189.55,692,2492,2517,422,3,0
2026-08-23 18:02:05,1522,176.96,689,2522,2610,482,3,0
2026-08-23 18:02:05,1523,181.44,677,2435,2660,400,3,0
2026-08-23 18:02:06,1524,194.14,649,2363,2652,429,3,0
2026-08-23 18:02:06,1525,195.22,683,2262,2629,431,3,0
2026-08-23 18:02:06,1526,205.36,618,2301,2679,488,3,0
2026-08-23 18:02:06,1527,192.67,625,2302,2580,448,3,0
2026-08-23 18:02:07,1528,199.45,623,2247,2560,557,3,0
2026-08-23 18:02:07,1529,195.31,636,2018,2561,528,3,0
2026-08-23 18:02:07,1530,188.43,637,1902,2539,515,3,0
2026-08-23 18:02:07,1531,181.07,619,2022,2572,589,3,0
2026-08-23 18:02:07,1532,181.95,662,1938,2596,542,3,0
2026-08-23 18:02:08,1533,184.93,619,1913,2575,475,3,0
2026-08-23 18:02:08,1534,230.48,596,1917,2666,477,3,0
2026-08-23 18:02:08,1535,215.01,627,2003,2608,546,3,0
2026-08-23 18:02:08,1536,199.9,604,2081,2577,527,3,0
2026-08-23 18:02:09,1537,203.96,594,1972,2434,513,3,0
2026-08-23 18:02:09,1538,213.56,589,2042,2403,525,3,0
2026-08-23 18:02:09,1539,210.28,580,2007,2417,464,3,0
2026-08-23 18:02:09,1540,194.69,607,2009,2505,450,3,0
2026-08-23 18:02:10,1541,188.2,572,1987,2429,396,3,0
2026-08-23 18:02:10,1542,201.01,534,1922,2407,442,3,0
2026-08-23 18:02:10,1543,198.07,531,1856,2349,510,3,0
2026-08-23 18:02:10,1544,200.35,525,1894,2478,438,3,0
2026-08-23 18:02:10,1545,209.92,532,1755,2375,491,3,0
2026-08-23 18:02:11,1546,198.93,489,1801,2214,554,3,0
2026-08-23 18:02:11,1547,194.99,458,1707,2228,571,3,0
2026-08-23 18:02:11,1548,192.3,457,1797,2249,602,3,0
2026-08-23 18:02:11,1549,206.55,481,1801,2310,576,3,0
2026-08-23 18:02:12,1550,208.03,461,1735,2244,586,3,0
2026-08-23 18:02:12,1551,212.14,390,1726,2285,621,3,0
2026-08-23 18:02:12,1552,208.6,439,1691,2276,691,3,0
2026-08-23 18:02:12,1553,183.36,428,1722,2225,692,3,0
2026-08-23 18:02:12,1554,190.37,446,1630,2195,750,3,0
2026-08-23 18:02:13,1555,193.34,437,1599,2218,720,3,0
2026-08-23 18:02:13,1556,188.99,420,1612,2219,713,3,0
2026-08-23 18:02:13,1557,182.74,418,1675,2309,721,3,0
2026-08-23 18:02:13,1558,196.18,430,1660,2221,745,3,0
2026-08-23 18:02:14,1559,192.59,431,1656,2235,755,3,0
2026-08-23 18:02:14,1560,192.97,422,1695,2341,761,3,0
2026-08-23 18:02:14,1561,194.83,429,1639,2305,751,3,0
2026-08-23 18:02:14,1562,179.3,432,1651,2407,745,3,0
2026-08-23 18:02:14,1563,192.79,427,1628,2230,752,3,0
2026-08-23 18:02:15,1564,209.72,460,1603,2182,734,3,0
2026-08-23 18:02:15,1565,197.22,478,1611,2124,644,3,0
2026-08-23 18:02:15,1566,194.26,439,1598,2182,691,3,0
2026-08-23 18:02:15,1567,179.75,484,1469,2185,662,3,0
2026-08-23 18:02:16,1568,205.07,486,1456,2185,663,3,0
2026-08-23 18:02:16,1569,192.22,444,1452,2092,683,3,0
2026-08-23 18:02:16,1570,185.82,466,1479,2151,684,3,0
2026-08-23 18:02:16,1571,196.56,526,1424,2229,655,3,0
2026-08-23 18:02:16,1572,196.45,522,1399,2191,687,3,0
2026-08-23 18:02:17,1573,197.85,493,1359,2152,714,3,0
2026-08-23 18:02:17,1574,179.69,528,1295,2043,695,3,0
2026-08-23 18:02:17,1575,185.33,532,1261,1969,630,3,0
2026-08-23 18:02:17,1576,191.75,530,1282,2041,665,3,0
2026-08-23 18:02:18,1577,183.22,527,1174,1991,674,3,0
2026-08-23 18:02:18,1578,216.22,529,1233,2082,672,3,0
2026-08-23 18:02:18,1579,207.3,536,1155,2005,670,3,0
2026-08-23 18:02:18,1580,208.4,556,1087,1985,632,3,0
2026-08-23 18:02:19,1581,199.62,559,1279,1980,621,3,0
2026-08-23 18:02:19,1582,187.21,528,1245,1943,639,3,0
2026-08-23 18:02:19,1583,188.17,548,1270,1869,623,3,0
2026-08-23 18:02:19,1584,190.29,567,1218,1964,592,3,0
2026-08-23 18:02:19,1585,189.59,558,1138,1825,572,3,0
2026-08-23 18:02:20,1586,187.89,566,1131,1837,605,3,0
2026-08-23 18:02:20,1587,198.39,558,1187,1790,596,3,0
2026-08-23 18:02:20,1588,177.6,549,1121,1859,622,3,0
2026-08-23 18:02:20,1589,187.85,594,1179,1905,634,3,0
2026-08-23 18:02:20,1590,175.83,596,1279,1854,588,3,0
2026-08-23 18:02:21,1591,187.27,600,1048,1729,728,3,0
2026-08-23 18:02:21,1592,184.88,618,1038,1857,688,3,0
2026-08-23 18:02:21,1593,219.6,611,990,1842,711,3,0
2026-08-23 18:02:21,1594,199.34,628,1015,1818,774,3,0
2026-08-23 18:02:22,1595,194.57,643,1059,1879,714,3,0
2026-08-23 18:02:22,1596,201.07,646,923,1883,855,3,0
2026-08-23 18:02:22,1597,184.51,642,918,1961,757,3,0
2026-08-23 18:02:22,1598,181.09,645,980,1937,810,3,0
2026-08-23 18:02:22,1599,182.98,651,914,1917,895,3,0
2026-08-23 18:02:23,1600,179.14,644,888,2018,810,3,0
2026-08-23 18:02:23,1601,180.02,657,811,1993,848,3,0
2026-08-23 18:02:23,1602,189.04,655,825,2020,892,3,0
2026-08-23 18:02:23,1603,163.25,649,785,1947,826,3,0
2026-08-23 18:02:23,1604,215.91,647,903,2025,810,3,0
2026-08-23 18:02:24,1605,188.9,670,815,1979,848,3,0
2026-08-23 18:02:24,1606,185.1,657,814,1869,759,3,0
2026-08-23 18:02:24,1607,172.41,650,643,1868,876,3,0
2026-08-23 18:02:24,1608,184.9,651,663,1774,849,3,0
2026-08-23 18:02:25,1609,194.87,677,721,1729,878,3,0
2026-08-23 18:02:25,1610,187.41,678,638,1884,764,3,0
2026-08-23 18:02:25,1611,202.25,656,580,1849,693,3,0
2026-08-23 18:02:25,1612,204.97,638,606,1904,724,3,0
2026-08-23 18:02:25,1613,186.74,671,504,1873,754,3,0
2026-08-23 18:02:26,1614,198.26,672,465,1751,730,3,0
2026-08-23 18:02:26,1615,191.86,667,401,1804,787,3,0
2026-08-23 18:02:26,1616,181.58,676,487,1792,739,3,0
2026-08-23 18:02:26,1617,194.7,679,518,1855,797,3,0
2026-08-23 18:02:27,1618,189.81,663,434,1741,767,3,0
2026-08-23 18:02:27,1619,187.94,695,435,1739,786,3,0
2026-08-23 18:02:27,1620,188.83,659,443,1780,858,3,0
2026-08-23 18:02:27,1621,185.97,686,463,1997,812,3,0
2026-08-23 18:02:27,1622,195.05,729,468,1785,840,3,0
2026-08-23 18:02:28,1623,198.45,710,370,1943,859,3,0
2026-08-23 18:02:28,1624,191.78,732,319,1906,815,3,0
2026-08-23 18:02:28,1625,201.15,680,304,1771,827,3,0
2026-08-23 18:02:28,1626,187.64,693,291,2113,756,3,0
2026-08-23 18:02:29,1627,227.12,3595,4284,4210,2707,2,0
2026-08-23 18:02:29,1628,185.69,3603,4307,4244,2728,2,0
2026-08-23 18:02:29,1629,187.44,3588,4174,4216,2752,3,0
2026-08-23 18:02:29,1630,173.77,3648,4146,4138,2732,2,0
2026-08-23 18:02:29,1631,184.65,3605,4108,4141,2757,3,0
2026-08-23 18:02:30,1632,188.7,3624,4007,4123,2715,3,0
2026-08-23 18:02:30,1633,202.31,3586,3969,4119,2740,3,0
2026-08-23 18:02:30,1634,197.74,3574,3694,4164,2733,3,0
2026-08-23 18:02:30,1635,197.11,3478,3749,4071,2733,3,0
2026-08-23 18:02:31,1636,181.17,3541,3654,4012,2732,3,0
2026-08-23 18:02:31,1637,190.68,3508,3529,4081,2736,3,0
2026-08-23 18:02:31,1638,199.81,3473,3389,4059,2778,3,0
2026-08-23 18:02:31,1639,186.2,3597,3328,4006,2802,3,0
2026-08-23 18:02:31,1640,198.3,3463,3351,4081,2769,3,0
2026-08-23 18:02:32,1641,200.5,3548,3280,3986,2769,3,0
2026-08-23 18:02:32,1642,198.17,3467,3317,3942,2784,3,0
2026-08-23 18:02:32,1643,193.65,3439,3081,3811,2749,3,0
2026-08-23 18:02:32,1644,188.62,3462,2959,3780,2699,3,0
2026-08-23 18:02:33,1645,182.3,3468,2828,3905,2688,3,0
2026-08-23 18:02:33,1646,192.28,3544,2918,3927,2731,3,0
2026-08-23 18:02:33,1647,178.98,3517,2708,3906,2731,3,0
2026-08-23 18:02:33,1648,187.02,3324,2614,3729,2587,3,0
2026-08-23 18:02:33,1649,200.01,3093,2539,3348,2333,3,0
2026-08-23 18:02:34,1650,197.89,3018,2559,3274,2309,3,0
2026-08-23 18:02:34,1651,179.99,3088,2544,3328,2318,3,0
2026-08-23 18:02:34,1652,190.82,3015,2443,3336,2332,3,0
2026-08-23 18:02:34,1653,182.81,3188,2309,3296,2362,3,0
2026-08-23 18:02:34,1654,192.76,3211,2433,3382,2407,3,0
2026-08-23 18:02:35,1655,185.61,3286,2490,3360,2465,3,0
2026-08-23 18:02:35,1656,168.13,3311,2547,3420,2413,3,0
2026-08-23 18:02:35,1657,203.53,3235,2539,3421,2428,3,0
2026-08-23 18:02:35,1658,199.82,3429,2615,3407,2483,1,0
2026-08-23 18:02:36,1659,175.08,3384,2574,3521,2521,3,0
2026-08-23 18:02:36,1660,175.98,3477,2452,3452,2541,1,0
2026-08-23 18:02:36,1661,181.14,3718,2630,3398,2516,1,0
2026-08-23 18:02:36,1662,196.4,3737,2657,3395,2567,1,0
2026-08-23 18:02:36,1663,188.41,3635,2618,3491,2568,1,0
2026-08-23 18:02:37,1664,182.49,3741,2643,3421,2551,1,0
2026-08-23 18:02:37,1665,188.0,3860,2654,3434,2557,1,0
2026-08-23 18:02:37,1666,182.76,3769,2613,3558,2614,1,0
2026-08-23 18:02:37,1667,185.96,3869,2658,3423,2696,1,0
2026-08-23 18:02:37,1668,186.9,3942,2776,3360,2693,1,0
2026-08-23 18:02:38,1669,189.95,4012,2818,3332,2677,1,0
2026-08-23 18:02:38,1670,211.65,3969,2731,3310,2660,1,0
2026-08-23 18:02:38,1671,175.71,3981,2670,3369,2665,1,0
2026-08-23 18:02:38,1672,180.18,4116,2841,3423,2657,1,0
2026-08-23 18:02:39,1673,183.96,4246,2763,3308,2676,1,0
2026-08-23 18:02:39,1674,172.49,4335,2613,3366,2701,1,0
2026-08-23 18:02:39,1675,181.21,4272,2638,3445,2674,1,0
2026-08-23 18:02:39,1676,180.34,4188,2589,3429,2611,1,0
2026-08-23 18:02:39,1677,175.09,4369,2726,3516,2698,1,0
2026-08-23 18:02:40,1678,178.63,4426,2903,3687,2729,1,0
2026-08-23 18:02:40,1679,173.73,4627,2947,3561,2649,1,0
2026-08-23 18:02:40,1680,170.26,4556,2878,3604,2731,1,0
2026-08-23 18:02:40,1681,179.09,4376,3096,3452,2774,1,0
2026-08-23 18:02:40,1682,185.4,4367,2992,3572,2811,1,0
2026-08-23 18:02:41,1683,170.22,4375,3051,3607,2824,1,0
2026-08-23 18:02:41,1684,177.57,4486,2947,3636,2781,1,0
2026-08-23 18:02:41,1685,176.08,4542,3072,3569,2742,1,0
2026-08-23 18:02:41,1686,167.93,4620,3054,3583,2728,1,0
2026-08-23 18:02:41,1687,184.64,4626,3050,3610,2779,1,0
2026-08-23 18:02:42,1688,186.63,4724,3152,3677,2706,1,0
2026-08-23 18:02:42,1689,177.42,4727,3217,3728,2738,1,0
2026-08-23 18:02:42,1690,168.08,4809,3302,3810,2757,1,0
2026-08-23 18:02:42,1691,177.29,4855,3375,3731,2769,1,0
2026-08-23 18:02:42,1692,176.62,4918,3391,3743,2856,1,0
2026-08-23 18:02:43,1693,167.96,5019,3346,3633,2871,1,0
2026-08-23 18:02:43,1694,176.67,4968,3555,3669,2920,1,0
2026-08-23 18:02:43,1695,181.34,4926,3518,3714,2924,1,0
2026-08-23 18:02:43,1696,188.38,4964,3340,3643,3008,1,0
2026-08-23 18:02:43,1697,161.83,4937,3301,3640,3036,1,0
2026-08-23 18:02:44,1698,188.67,5000,3464,3620,3015,1,0
2026-08-23 18:02:44,1699,176.31,5084,3574,3685,2961,1,0
2026-08-23 18:02:44,1700,173.14,5247,3394,3745,2970,1,0
2026-08-23 18:02:44,1701,167.6,5185,3411,3660,2966,1,0
2026-08-23 18:02:44,1702,165.61,5306,3747,3547,2978,1,0
2026-08-23 18:02:45,1703,174.68,5508,3759,3786,2945,1,0
2026-08-23 18:02:45,1704,177.29,5461,3711,3585,2975,1,0
2026-08-23 18:02:45,1705,177.57,5550,3710,3682,3001,1,0
2026-08-23 18:02:45,1706,171.48,5592,3715,3670,2959,1,0
2026-08-23 18:02:46,1707,172.46,5712,3655,3494,3071,1,0
2026-08-23 18:02:46,1708,188.24,5644,3790,3654,3095,1,0
2026-08-23 18:02:46,1709,176.39,5809,3717,3554,2940,1,0
2026-08-23 18:02:46,1710,175.61,5693,3778,3719,2957,1,0
2026-08-23 18:02:46,1711,174.91,5782,4136,3657,3086,1,0
2026-08-23 18:02:47,1712,166.18,5654,3993,3594,3126,1,0
2026-08-23 18:02:47,1713,165.2,5754,3768,3580,3103,1,0
2026-08-23 18:02:47,1714,178.02,5854,3888,3627,3191,1,0
2026-08-23 18:02:47,1715,185.88,5744,3920,3568,3224,1,0
2026-08-23 18:02:47,1716,168.67,6081,4277,3519,3191,1,0
2026-08-23 18:02:48,1717,172.43,5927,4299,3630,3221,1,0
2026-08-23 18:02:48,1718,225.11,6087,4384,3573,3246,1,0
2026-08-23 18:02:48,1719,185.89,6195,4362,3457,3244,1,0
2026-08-23 18:02:48,1720,182.57,6270,4439,3625,3262,1,0
2026-08-23 18:02:48,1721,189.34,6277,4386,3507,3274,1,0
2026-08-23 18:02:49,1722,198.24,6287,4342,3728,3296,1,0
2026-08-23 18:02:49,1723,194.42,6282,4426,3613,3271,1,0
2026-08-23 18:02:49,1724,196.91,6278,4834,3554,3235,1,0
2026-08-23 18:02:49,1725,185.91,6338,4761,3522,3326,1,0
2026-08-23 18:02:50,1726,188.64,6405,4979,3486,3345,1,0
2026-08-23 18:02:50,1727,217.58,6440,5186,3531,3354,1,0
2026-08-23 18:02:50,1728,237.7,6467,5130,3570,3289,1,0
2026-08-23 18:02:50,1729,202.68,6536,5145,3523,3304,1,0
2026-08-23 18:02:51,1730,195.54,6604,4863,3569,3298,1,0
2026-08-23 18:02:51,1731,197.99,6654,4977,3604,3283,1,0
2026-08-23 18:02:51,1732,197.6,6692,4767,3608,3257,1,0
2026-08-23 18:02:51,1733,196.27,6706,4853,3747,3305,1,0
2026-08-23 18:02:51,1734,193.9,6782,5276,3771,3313,1,0
2026-08-23 18:02:52,1735,190.13,6746,5095,3938,3318,1,0
2026-08-23 18:02:52,1736,191.51,6713,5001,3864,3319,1,0
2026-08-23 18:02:52,1737,182.67,6919,5006,3851,3329,1,0
2026-08-23 18:02:52,1738,195.65,7054,5038,3834,3381,1,0
2026-08-23 18:02:53,1739,194.78,6978,4908,3853,3382,1,0
2026-08-23 18:02:53,1740,179.09,7140,4818,3792,3357,1,0
2026-08-23 18:02:53,1741,197.29,7290,4743,3901,3389,1,0
2026-08-23 18:02:53,1742,184.41,7331,4898,3964,3429,1,0
2026-08-23 18:02:53,1743,200.04,7346,4676,3963,3412,1,0
2026-08-23 18:02:54,1744,193.57,7280,4654,3988,3374,1,0
2026-08-23 18:02:54,1745,201.88,7337,4710,4098,3430,1,0
2026-08-23 18:02:54,1746,226.87,7616,4775,4061,3449,1,0
2026-08-23 18:02:54,1747,191.7,7371,4762,4039,3448,1,0
2026-08-23 18:02:55,1748,197.12,7613,4902,4060,3511,1,0
2026-08-23 18:02:55,1749,190.71,7587,4692,4266,3572,1,0
2026-08-23 18:02:55,1750,180.77,7661,4859,4068,3588,1,0
2026-08-23 18:02:55,1751,216.3,7900,4645,4000,3558,1,0
2026-08-23 18:02:55,1752,179.65,7858,4967,3944,3508,1,0
2026-08-23 18:02:56,1753,173.65,7747,4954,4058,3620,1,0
2026-08-23 18:02:56,1754,170.76,8082,4956,4091,3642,1,0
2026-08-23 18:02:56,1755,177.1,7940,4843,4080,3604,1,0
2026-08-23 18:02:56,1756,177.22,8245,5008,4102,3630,1,0
2026-08-23 18:02:56,1757,172.37,8228,5045,4236,3648,1,0
2026-08-23 18:02:57,1758,201.9,8405,5157,4102,3753,1,0
2026-08-23 18:02:57,1759,192.01,8340,5088,4097,3791,1,0
2026-08-23 18:02:57,1760,197.95,8411,5066,4055,3827,1,0
2026-08-23 18:02:57,1761,183.37,8349,5030,4054,3876,1,0
2026-08-23 18:02:58,1762,190.36,8446,5107,3985,3824,1,0
2026-08-23 18:02:58,1763,175.8,8500,5148,4016,3944,1,0
2026-08-23 18:02:58,1764,170.65,8687,5467,3994,3891,1,0
2026-08-23 18:02:58,1765,178.34,8784,5554,4085,3874,1,0
2026-08-23 18:02:58,1766,182.66,8782,5661,3967,3982,1,0
2026-08-23 18:02:59,1767,186.3,8843,5628,3869,3962,1,0
2026-08-23 18:02:59,1768,185.86,8874,5949,4058,3836,1,0
2026-08-23 18:02:59,1769,187.87,8772,5645,3922,3923,1,0
2026-08-23 18:02:59,1770,187.64,8729,5680,3926,4060,1,0
2026-08-23 18:02:59,1771,175.14,8543,5725,3796,4101,1,0
2026-08-23 18:03:00,1772,193.14,8628,5811,3929,4124,1,0
2026-08-23 18:03:00,1773,188.99,8663,5924,3857,4026,1,0
2026-08-23 18:03:00,1774,187.59,8500,6089,3791,4148,1,0
2026-08-23 18:03:00,1775,217.61,8496,5909,3656,4177,1,0
2026-08-23 18:03:01,1776,207.53,8580,5982,3712,4186,1,0
2026-08-23 18:03:01,1777,185.28,8419,6111,3620,4157,1,0
2026-08-23 18:03:01,1778,200.86,8299,6059,3480,4229,1,0
2026-08-23 18:03:01,1779,200.96,8311,6372,3548,4413,1,0
2026-08-23 18:03:01,1780,186.76,8446,6322,3444,4260,1,0
2026-08-23 18:03:02,1781,198.55,8161,6254,3600,4291,1,0
2026-08-23 18:03:02,1782,195.02,8148,6249,3545,4262,1,0
2026-08-23 18:03:02,1783,172.11,8328,6805,3539,4464,1,0
2026-08-23 18:03:02,1784,203.43,8107,6501,3494,4388,1,0
2026-08-23 18:03:03,1785,186.01,8240,6607,3531,4349,1,0
2026-08-23 18:03:03,1786,190.32,8255,6650,3534,4357,1,0
2026-08-23 18:03:03,1787,195.02,8484,6547,3582,4441,1,0
2026-08-23 18:03:03,1788,208.13,8415,6544,3575,4505,1,0
2026-08-23 18:03:03,1789,213.64,8207,6598,3504,4382,1,0
2026-08-23 18:03:04,1790,190.95,8368,6743,3549,4390,1,0
2026-08-23 18:03:04,1791,192.68,8415,6737,3602,4374,1,0
2026-08-23 18:03:04,1792,191.25,8413,6936,3456,4559,1,0
2026-08-23 18:03:04,1793,179.66,8327,7020,3379,4528,1,0
2026-08-23 18:03:05,1794,182.73,8258,7141,3425,4449,1,0
2026-08-23 18:03:05,1795,197.86,8583,7334,3479,4446,1,0
2026-08-23 18:03:05,1796,181.26,8644,7380,3474,4361,1,0
2026-08-23 18:03:05,1797,177.18,8665,7599,3333,4412,1,0
2026-08-23 18:03:05,1798,174.59,8651,7679,3523,4527,1,0
2026-09-16 10:48:30,1,2491.12,73141,GREEN,0
2026-09-16 10:48:30,2,75.78,4200,GREEN,0
2026-09-16 10:48:30,3,67.78,4200,GREEN,0
2026-09-16 10:48:30,4,65.2,2550,GREEN,0
2026-09-16 10:48:30,5,65.62,1700,GREEN,0
2026-09-16 10:48:30,6,68.4,1700,GREEN,0
2026-09-16 10:48:30,7,86.89,6700,GREEN,0
2026-09-16 10:48:30,8,68.9,6700,GREEN,0
2026-09-16 10:48:30,9,61.44,6700,GREEN,0
2026-09-16 10:48:31,10,65.51,6700,GREEN,0
2026-09-16 10:48:31,11,67.59,6700,GREEN,0
2026-09-16 10:48:31,12,64.05,5050,GREEN,0
2026-09-16 10:48:31,13,90.17,4200,GREEN,0
2026-09-16 10:48:31,14,71.68,4200,GREEN,0
2026-09-16 10:48:31,15,86.13,4200,GREEN,0
2026-09-16 10:48:31,16,75.96,4200,GREEN,0
2026-09-16 10:48:31,17,82.42,4200,GREEN,0
2026-09-16 10:48:31,18,73.12,1700,GREEN,0
2026-09-16 10:48:32,19,75.12,2550,GREEN,0
2026-09-16 10:48:32,20,78.88,1700,GREEN,0
2026-09-16 10:48:32,21,58.17,1700,GREEN,0
2026-09-16 10:48:32,22,61.97,1700,GREEN,0
2026-09-16 10:48:32,23,86.93,2550,GREEN,0
2026-09-16 10:48:32,24,60.85,2550,GREEN,0
2026-09-16 10:48:32,25,61.0,5050,GREEN,0
2026-09-16 10:48:32,26,73.83,1700,GREEN,0
2026-09-16 10:48:32,27,55.05,2550,GREEN,0
2026-09-16 10:48:32,28,53.13,4200,GREEN,0
2026-09-16 10:48:32,29,58.3,4200,GREEN,0
2026-09-16 10:48:33,30,55.05,6700,GREEN,0
2026-09-16 10:48:33,31,60.16,6700,GREEN,0
2026-09-16 10:48:33,32,69.58,7550,GREEN,0
2026-09-16 10:48:33,33,56.09,6700,GREEN,0
2026-09-16 10:48:33,34,49.94,4200,GREEN,0
2026-09-16 10:48:33,35,60.47,4200,GREEN,0
2026-09-16 10:48:33,36,58.66,7550,GREEN,0
2026-09-16 10:48:33,37,60.78,8400,GREEN,0
2026-09-16 10:48:33,38,56.97,4200,GREEN,0
2026-09-16 10:48:33,39,54.43,4200,GREEN,0
2026-09-16 10:48:33,40,59.7,4200,GREEN,0
2026-09-16 10:48:34,41,61.04,6700,GREEN,0
2026-09-16 10:48:34,42,68.93,8400,GREEN,0
2026-09-16 10:48:34,43,118.0,8400,GREEN,0
2026-09-16 10:48:34,44,77.33,6750,GREEN,0
2026-09-16 10:48:34,45,86.93,5900,GREEN,0
2026-09-16 10:48:34,46,69.4,4200,GREEN,0
2026-09-16 10:48:34,47,82.95,6700,GREEN,0
2026-09-16 10:48:34,48,89.4,7550,GREEN,0
2026-09-16 10:48:34,49,69.94,5050,GREEN,0
2026-09-16 10:48:35,50,84.78,4200,GREEN,0
2026-09-16 10:48:35,51,66.21,4200,GREEN,0
2026-09-16 10:48:35,52,66.46,4200,GREEN,0
2026-09-16 10:48:35,53,80.71,4200,GREEN,0
2026-09-16 10:48:35,54,59.26,4200,GREEN,0
2026-09-16 10:48:35,55,62.49,4200,GREEN,0
2026-09-16 10:48:35,56,64.21,5050,GREEN,0
2026-09-16 10:48:35,57,55.2,5900,GREEN,0
2026-09-16 10:48:35,58,62.39,5900,GREEN,0
2026-09-16 10:48:35,59,55.76,5900,GREEN,0
2026-09-16 10:48:36,60,82.0,5050,GREEN,0
2026-09-16 10:48:36,61,62.68,5900,GREEN,0
2026-09-16 10:48:36,62,70.98,8400,GREEN,0
2026-09-16 10:48:36,63,52.37,5900,GREEN,0
2026-09-16 10:48:36,64,55.18,5900,GREEN,0
2026-09-16 10:48:36,65,60.38,6750,GREEN,0
2026-09-16 10:48:36,66,62.43,5900,GREEN,0
2026-09-16 10:48:36,67,59.54,8400,GREEN,0
2026-09-16 10:48:36,68,59.14,6750,GREEN,0
2026-09-16 10:48:36,69,58.2,6750,GREEN,0
2026-09-16 10:48:36,70,72.71,7600,GREEN,0
2026-09-16 10:48:37,71,82.07,8450,GREEN,0
2026-09-16 10:48:37,72,70.74,8450,GREEN,0
2026-09-16 10:48:37,73,71.93,8450,GREEN,0
2026-09-16 10:48:37,74,78.82,9300,GREEN,0
2026-09-16 10:48:37,75,91.78,10950,GREEN,0
2026-09-16 10:48:37,76,57.24,7600,GREEN,0
2026-09-16 10:48:37,77,63.98,10100,GREEN,0
2026-09-16 10:48:37,78,64.34,10100,GREEN,0
2026-09-16 10:48:37,79,69.84,7600,GREEN,0
2026-09-16 10:48:38,80,62.79,7600,GREEN,0
2026-09-16 10:48:38,81,87.92,6750,GREEN,0
2026-09-16 10:48:38,82,67.58,7600,GREEN,0
2026-09-16 10:48:38,83,60.79,7600,GREEN,0
2026-09-16 10:48:38,84,60.73,10100,GREEN,0
2026-09-16 10:48:38,85,81.91,10100,GREEN,0
2026-09-16 10:48:38,86,60.66,10100,GREEN,0
2026-09-16 10:48:38,87,72.42,10100,GREEN,0
2026-09-16 10:48:38,88,61.84,10100,GREEN,0
2026-09-16 10:48:38,89,57.08,12600,GREEN,0
2026-09-16 10:48:39,90,60.91,15100,GREEN,0
2026-09-16 10:48:39,91,63.55,15950,GREEN,0
2026-09-16 10:48:39,92,70.12,15950,GREEN,0
2026-09-16 10:48:39,93,63.48,15100,GREEN,0
2026-09-16 10:48:39,94,57.68,13450,GREEN,0
2026-09-16 10:48:39,95,66.42,13450,GREEN,0
2026-09-16 10:48:39,96,62.95,15950,GREEN,0
2026-09-16 10:48:39,97,93.47,15100,GREEN,0
2026-09-16 10:48:39,98,93.93,16800,GREEN,0
2026-09-16 10:48:39,99,82.9,15950,GREEN,0
2026-09-16 10:48:40,100,90.82,10950,GREEN,0
2026-09-16 10:48:40,101,113.36,13450,GREEN,0
2026-09-16 10:48:40,102,85.55,14300,GREEN,0
2026-09-16 10:48:40,103,60.98,14300,GREEN,0
2026-09-16 10:48:40,104,88.6,15150,GREEN,0
2026-09-16 10:48:40,105,68.13,16800,GREEN,0
2026-09-16 10:48:40,106,89.27,17650,GREEN,0
2026-09-16 10:48:40,107,63.28,16800,GREEN,0
2026-09-16 10:48:40,108,65.2,14300,GREEN,0
2026-09-16 10:48:41,109,60.38,16800,GREEN,0
2026-09-16 10:48:41,110,63.94,13450,GREEN,0
2026-09-16 10:48:41,111,60.54,13450,GREEN,0
2026-09-16 10:48:41,112,65.04,10950,GREEN,0
2026-09-16 10:48:41,113,69.16,15150,GREEN,0
2026-09-16 10:48:41,114,60.37,13450,GREEN,0
2026-09-16 10:48:41,115,74.25,15150,GREEN,0
2026-09-16 10:48:41,116,63.04,14300,GREEN,0
2026-09-16 10:48:41,117,63.78,12650,GREEN,0
2026-09-16 10:48:41,118,89.76,10950,GREEN,0
2026-09-16 10:48:42,119,61.82,15950,GREEN,0
2026-09-16 10:48:42,120,68.92,14300,GREEN,0
2026-09-16 10:48:42,121,62.92,17650,GREEN,0
2026-09-16 10:48:42,122,57.09,21000,GREEN,0
2026-09-16 10:48:42,123,79.52,16000,GREEN,0
2026-09-16 10:48:42,124,78.42,18500,GREEN,0
2026-09-16 10:48:42,125,85.83,17650,GREEN,0
2026-09-16 10:48:42,126,79.6,17650,GREEN,0
2026-09-16 10:48:42,127,72.37,15150,GREEN,0
2026-09-16 10:48:42,128,94.87,15150,GREEN,0
2026-09-16 10:48:43,129,79.89,17650,GREEN,0
2026-09-16 10:48:43,130,61.32,12650,GREEN,0
2026-09-16 10:48:43,131,89.09,16000,GREEN,0
2026-09-16 10:48:43,132,62.44,16000,GREEN,0
2026-09-16 10:48:43,133,79.07,13500,GREEN,0
2026-09-16 10:48:43,134,110.59,15150,GREEN,0
2026-09-16 10:48:43,135,56.92,14300,GREEN,0
2026-09-16 10:48:43,136,68.41,15150,GREEN,0
2026-09-16 10:48:43,137,57.48,11800,GREEN,0
2026-09-16 10:48:43,138,58.55,13450,GREEN,0
2026-09-16 10:48:44,139,58.38,16000,GREEN,0
2026-09-16 10:48:44,140,61.16,12650,GREEN,0
2026-09-16 10:48:44,141,63.4,10950,GREEN,0
2026-09-16 10:48:44,142,58.6,12650,GREEN,0
2026-09-16 10:48:44,143,59.94,9300,GREEN,0
2026-09-16 10:48:44,144,56.2,12650,GREEN,0
2026-09-16 10:48:44,145,66.77,13500,GREEN,0
2026-09-16 10:48:44,146,58.87,16000,GREEN,0
2026-09-16 10:48:44,147,57.78,14300,GREEN,0
2026-09-16 10:48:44,148,62.57,10150,GREEN,0
2026-09-16 10:48:44,149,55.26,16000,GREEN,0
2026-09-16 10:48:45,150,59.0,13500,GREEN,0
2026-09-16 10:48:45,151,86.91,13500,GREEN,0
2026-09-16 10:48:45,152,77.94,14350,GREEN,0
2026-09-16 10:48:45,153,89.59,12650,GREEN,0
2026-09-16 10:48:45,154,72.93,13500,GREEN,0
2026-09-16 10:48:45,155,85.99,13500,GREEN,0
2026-09-16 10:48:45,156,111.58,13500,GREEN,0
2026-09-16 10:48:45,157,62.78,14350,GREEN,0
2026-09-16 10:48:45,158,60.95,14350,GREEN,0
2026-09-16 10:48:46,159,84.19,13500,GREEN,0
2026-09-16 10:48:46,160,100.78,12650,GREEN,0
2026-09-16 10:48:46,161,69.48,12650,GREEN,0
2026-09-16 10:48:46,162,83.9,11800,GREEN,0
2026-09-16 10:48:46,163,100.52,9300,GREEN,0
2026-09-16 10:48:46,164,91.68,16000,GREEN,0
2026-09-16 10:48:46,165,76.43,16850,GREEN,0
2026-09-16 10:48:47,166,88.05,16850,GREEN,0
2026-09-16 10:48:47,167,82.05,16850,GREEN,0
2026-09-16 10:48:47,168,125.6,16850,GREEN,0
2026-09-16 10:48:47,169,78.29,16850,GREEN,0
2026-09-16 10:48:47,170,72.12,16000,GREEN,0
2026-09-16 10:48:47,171,76.18,15150,GREEN,0
2026-09-16 10:48:47,172,77.05,16000,GREEN,0
2026-09-16 10:48:47,173,87.77,16850,GREEN,0
2026-09-16 10:48:47,174,90.27,17700,GREEN,0
2026-09-16 10:48:48,175,100.85,16850,GREEN,0
2026-09-16 10:48:48,176,81.0,18550,GREEN,0
2026-09-16 10:48:48,177,91.69,15200,GREEN,0
2026-09-16 10:48:48,178,91.14,15200,GREEN,0
2026-09-16 10:48:48,179,89.79,17700,GREEN,0
2026-09-16 10:48:48,180,79.51,15150,GREEN,0
2026-09-16 10:48:48,181,77.28,16850,GREEN,0
2026-09-16 10:48:48,182,61.16,16850,GREEN,0
2026-09-16 10:48:49,183,79.44,16000,GREEN,0
2026-09-16 10:48:49,184,65.55,16000,GREEN,0
2026-09-16 10:48:49,185,64.08,14300,GREEN,0
2026-09-16 10:48:49,186,66.62,12650,GREEN,0
2026-09-16 10:48:49,187,315.01,15150,GREEN,0
2026-09-16 10:48:50,188,705.57,15150,GREEN,0
2026-09-16 10:48:51,189,558.48,13500,GREEN,0
2026-09-16 10:48:51,190,282.89,14350,GREEN,0
2026-09-16 10:48:51,191,497.24,13500,GREEN,0
2026-09-16 10:48:52,192,293.59,13500,GREEN,0
2026-09-16 10:48:52,193,393.53,13500,GREEN,0
2026-09-16 10:48:53,194,340.74,15150,GREEN,0
